gene_id	log2_fold_change	neg_log10_p_value	significant	regulation
GENE_00001	1.585886	1.126098	False	none
GENE_00002	2.031973	1.548214	True	up
GENE_00003	2.156024	1.698970	True	up
GENE_00004	2.164622	2.239578	True	up
GENE_00005	2.278820	1.665546	True	up
GENE_00006	1.901171	1.098542	False	none
GENE_00007	2.509113	1.328827	True	up
GENE_00008	1.951850	1.266803	False	none
GENE_00009	2.521762	1.681937	True	up
GENE_00010	2.278915	1.492144	True	up
GENE_00011	2.428527	1.665546	True	up
GENE_00012	2.241621	2.287350	True	up
GENE_00013	1.594176	1.026872	False	none
GENE_00014	2.549520	1.195179	False	none
GENE_00015	2.231413	1.378824	True	up
GENE_00016	3.164531	1.098542	False	none
GENE_00017	2.289848	1.081970	False	none
GENE_00018	2.329446	1.492144	True	up
GENE_00019	2.613975	1.593460	True	up
GENE_00020	2.646223	1.492144	True	up
GENE_00021	2.057621	1.332547	True	up
GENE_00022	2.357483	0.818156	False	none
GENE_00023	2.668364	1.160522	False	none
GENE_00024	2.341745	1.593460	True	up
GENE_00025	1.767231	0.899629	False	none
GENE_00026	1.900057	1.607303	True	up
GENE_00027	2.458354	1.311580	True	up
GENE_00028	2.136207	2.116339	True	up
GENE_00029	2.254648	1.665546	True	up
GENE_00030	2.629693	1.119758	False	none
GENE_00031	1.781034	1.515700	True	up
GENE_00032	2.226090	0.913640	False	none
GENE_00033	2.641272	1.334419	True	up
GENE_00034	2.483608	1.754487	True	up
GENE_00035	2.626921	1.627088	True	up
GENE_00036	2.251625	1.619789	True	up
GENE_00037	2.318186	1.008774	False	none
GENE_00038	1.879289	0.605548	False	none
GENE_00039	2.042799	1.619789	True	up
GENE_00040	2.570238	0.716699	False	none
GENE_00041	2.081562	1.140261	False	none
GENE_00042	2.341052	0.954677	False	none
GENE_00043	2.218619	0.723538	False	none
GENE_00044	2.022673	1.665546	True	up
GENE_00045	2.393150	1.559091	True	up
GENE_00046	1.789282	0.519993	False	none
GENE_00047	2.329896	1.634512	True	up
GENE_00048	2.619765	0.728158	False	none
GENE_00049	2.468375	1.809668	True	up
GENE_00050	2.195267	0.939302	False	none
GENE_00051	2.343608	2.118045	True	up
GENE_00052	2.072007	1.522879	True	up
GENE_00053	2.068190	1.423659	True	up
GENE_00054	2.397745	1.008774	False	none
GENE_00055	2.129368	1.593460	True	up
GENE_00056	2.103323	1.595166	True	up
GENE_00057	2.372122	1.425969	True	up
GENE_00058	2.524239	1.027334	False	none
GENE_00059	2.505881	1.610834	True	up
GENE_00060	1.686091	1.548214	True	up
GENE_00061	1.846335	1.492144	True	up
GENE_00062	1.855133	1.338187	True	up
GENE_00063	2.677205	1.046724	False	none
GENE_00064	2.397001	1.545155	True	up
GENE_00065	1.825184	0.899629	False	none
GENE_00066	2.354096	1.044793	False	none
GENE_00067	2.291854	1.665546	True	up
GENE_00068	2.340578	1.595166	True	up
GENE_00069	2.315514	1.472370	True	up
GENE_00070	2.124107	0.882729	False	none
GENE_00071	2.545547	1.266803	False	none
GENE_00072	2.320897	1.422508	True	up
GENE_00073	2.943421	1.044793	False	none
GENE_00074	2.229265	1.233587	False	none
GENE_00075	2.146061	1.081970	False	none
GENE_00076	2.337360	1.593460	True	up
GENE_00077	2.151106	1.126098	False	none
GENE_00078	2.513976	1.492144	True	up
GENE_00079	1.536611	1.403403	True	up
GENE_00080	2.638063	1.492144	True	up
GENE_00081	2.562819	2.429457	True	up
GENE_00082	2.673809	1.595166	True	up
GENE_00083	2.327508	1.166853	False	none
GENE_00084	2.140841	0.692504	False	none
GENE_00085	1.666830	1.136677	False	none
GENE_00086	1.666328	0.661544	False	none
GENE_00087	2.579896	1.806875	True	up
GENE_00088	2.403714	0.744727	False	none
GENE_00089	2.187357	1.595166	True	up
GENE_00090	2.500557	1.735182	True	up
GENE_00091	2.613139	2.122053	True	up
GENE_00092	2.636121	2.239578	True	up
GENE_00093	2.982105	1.492144	True	up
GENE_00094	2.032456	2.251037	True	up
GENE_00095	2.101983	0.896196	False	none
GENE_00096	2.138692	1.132533	False	none
GENE_00097	2.006228	1.126098	False	none
GENE_00098	2.577895	1.048662	False	none
GENE_00099	2.419454	1.595166	True	up
GENE_00100	2.439397	0.954677	False	none
GENE_00102	-1.302896	1.567031	True	down
GENE_00103	-1.258346	2.240332	True	down
GENE_00104	-1.393617	2.251037	True	down
GENE_00105	-1.754057	2.818156	True	down
GENE_00106	-1.877280	1.525784	True	down
GENE_00107	-1.777153	2.122053	True	down
GENE_00108	-1.341985	2.512862	True	down
GENE_00110	-1.305258	1.332547	True	down
GENE_00111	-1.814888	1.619789	True	down
GENE_00112	-2.133898	2.779892	True	down
GENE_00115	-1.849826	2.429457	True	down
GENE_00116	-1.769243	2.809668	True	down
GENE_00117	-1.767931	1.978811	True	down
GENE_00118	-1.474926	1.681937	True	down
GENE_00119	-1.580560	0.978811	False	none
GENE_00120	-1.604136	1.485452	True	down
GENE_00121	-1.724642	1.489455	True	down
GENE_00124	-1.868004	1.754487	True	down
GENE_00125	-1.480611	2.258061	True	down
GENE_00126	-1.527886	1.567031	True	down
GENE_00127	-2.185133	1.681937	True	down
GENE_00128	-1.428449	1.754487	True	down
GENE_00129	-1.686918	1.892790	True	down
GENE_00130	-1.778536	2.749580	True	down
GENE_00131	-1.408458	1.798603	True	down
GENE_00132	-1.685314	2.069051	True	down
GENE_00133	-1.469261	1.619789	True	down
GENE_00134	-1.629412	1.585027	True	down
GENE_00135	-1.671570	1.665546	True	down
GENE_00136	-1.561661	2.122053	True	down
GENE_00137	-2.105681	1.978811	True	down
GENE_00138	-1.650625	2.240332	True	down
GENE_00139	-2.382856	1.663540	True	down
GENE_00140	-1.792351	2.105684	True	down
GENE_00141	-1.290305	1.892790	True	down
GENE_00142	-1.921111	2.116339	True	down
GENE_00143	-2.021000	1.098542	False	none
GENE_00144	-1.420851	2.122053	True	down
GENE_00145	-1.688899	1.665546	True	down
GENE_00146	-1.684114	1.593460	True	down
GENE_00147	-1.547144	2.116339	True	down
GENE_00148	-2.345394	1.974694	True	down
GENE_00149	-1.564997	1.860121	True	down
GENE_00150	-1.182843	1.492144	True	down
GENE_00151	-1.572106	1.950782	True	down
GENE_00152	-1.689304	2.116339	True	down
GENE_00153	-1.380789	1.332547	True	down
GENE_00154	-1.674341	1.798603	True	down
GENE_00155	-1.248442	2.007889	True	down
GENE_00156	-1.657321	2.818156	True	down
GENE_00157	-1.677984	2.512862	True	down
GENE_00158	-1.905988	1.665546	True	down
GENE_00159	-1.332964	1.311580	True	down
GENE_00161	-1.686255	2.408935	True	down
GENE_00163	-1.396791	2.197911	True	down
GENE_00164	-1.374536	2.061480	True	down
GENE_00165	-1.932916	1.651695	True	down
GENE_00167	-1.488623	1.892790	True	down
GENE_00168	-1.900997	1.756962	True	down
GENE_00169	-1.652014	2.429457	True	down
GENE_00172	-1.905890	1.681937	True	down
GENE_00173	-1.273196	1.424812	True	down
GENE_00174	-1.687424	1.665546	True	down
GENE_00175	-2.206582	2.122053	True	down
GENE_00176	-2.066770	2.749580	True	down
GENE_00177	-2.329571	2.287350	True	down
GENE_00178	-1.768977	1.595166	True	down
GENE_00180	-1.431063	0.869666	False	none
GENE_00181	-2.023103	1.995679	True	down
GENE_00182	-1.840450	1.754487	True	down
GENE_00183	-1.682089	1.092589	False	none
GENE_00184	-2.155801	1.991400	True	down
GENE_00185	-1.656229	2.122053	True	down
GENE_00187	-1.762133	1.595166	True	down
GENE_00188	-1.784559	1.518557	True	down
GENE_00189	-2.375798	2.116339	True	down
GENE_00191	-1.961680	2.122053	True	down
GENE_00192	-1.517158	1.593460	True	down
GENE_00193	-1.516635	1.492144	True	down
GENE_00194	-2.210158	1.946922	True	down
GENE_00195	-0.875071	1.057992	False	none
GENE_00197	-1.366303	1.218245	False	none
GENE_00198	-1.588382	2.122053	True	down
GENE_00199	-2.305705	1.798603	True	down
GENE_00200	-1.668953	1.634512	True	down
GENE_00201	-0.160392	0.045275	False	none
GENE_00202	-0.482158	1.159267	False	none
GENE_00203	0.254285	0.105130	False	none
GENE_00204	0.113199	0.032920	False	none
GENE_00205	0.066654	0.031984	False	none
GENE_00206	0.134765	0.106238	False	none
GENE_00207	0.099040	0.032920	False	none
GENE_00208	0.274489	0.097453	False	none
GENE_00209	0.049982	0.024568	False	none
GENE_00210	0.224924	0.100727	False	none
GENE_00211	0.108241	0.029653	False	none
GENE_00212	0.352767	0.266803	False	none
GENE_00213	-0.066605	0.032920	False	none
GENE_00214	0.179853	0.096910	False	none
GENE_00215	-0.128439	0.083020	False	none
GENE_00216	0.296674	0.169411	False	none
GENE_00217	-0.138376	0.060481	False	none
GENE_00218	-0.128984	0.045275	False	none
GENE_00219	0.215584	0.089376	False	none
GENE_00220	0.441769	0.229148	False	none
GENE_00221	-0.339987	0.187087	False	none
GENE_00222	-0.416680	0.616185	False	none
GENE_00223	-0.176766	0.104025	False	none
GENE_00224	-0.018297	0.010550	False	none
GENE_00225	0.323541	0.096910	False	none
GENE_00226	0.174210	0.072630	False	none
GENE_00227	-0.134138	0.075204	False	none
GENE_00228	-0.033450	0.013676	False	none
GENE_00229	0.312314	0.209715	False	none
GENE_00230	0.353897	0.438899	False	none
GENE_00231	0.193121	0.050610	False	none
GENE_00232	-0.244302	0.169411	False	none
GENE_00233	-0.008382	0.004365	False	none
GENE_00235	-0.131162	0.109579	False	none
GENE_00236	-0.106251	0.089376	False	none
GENE_00237	-0.290217	0.316953	False	none
GENE_00238	0.115204	0.032920	False	none
GENE_00239	0.367307	0.230623	False	none
GENE_00241	0.260050	0.096910	False	none
GENE_00242	-0.273698	0.138466	False	none
GENE_00243	0.597077	0.531653	False	none
GENE_00244	-0.250651	0.122629	False	none
GENE_00246	0.201957	0.096910	False	none
GENE_00247	0.126877	0.045275	False	none
GENE_00248	-0.401559	0.288193	False	none
GENE_00250	0.249174	0.151195	False	none
GENE_00251	0.087484	0.024568	False	none
GENE_00253	0.005162	0.001741	False	none
GENE_00254	-0.227699	0.238072	False	none
GENE_00255	-0.066668	0.020452	False	none
GENE_00257	-0.075091	0.029653	False	none
GENE_00258	0.003304	0.001741	False	none
GENE_00259	0.237781	0.122629	False	none
GENE_00261	-0.080948	0.045275	False	none
GENE_00262	-0.193278	0.085657	False	none
GENE_00263	0.441155	0.437707	False	none
GENE_00264	0.705503	0.591760	False	none
GENE_00265	-0.141787	0.047208	False	none
GENE_00267	-0.005077	0.003488	False	none
GENE_00268	0.015191	0.006123	False	none
GENE_00269	0.339475	0.275724	False	none
GENE_00270	0.067446	0.024568	False	none
GENE_00271	0.217379	0.214670	False	none
GENE_00272	-0.295828	0.095284	False	none
GENE_00274	0.157072	0.081445	False	none
GENE_00275	-0.178749	0.089376	False	none
GENE_00276	-0.733548	0.437707	False	none
GENE_00277	-0.193834	0.045275	False	none
GENE_00278	-0.470892	0.552842	False	none
GENE_00279	0.176466	0.083546	False	none
GENE_00280	-0.276193	0.247952	False	none
GENE_00281	-0.049331	0.020452	False	none
GENE_00283	-0.054733	0.020452	False	none
GENE_00284	-0.471648	0.211125	False	none
GENE_00285	0.520269	0.235824	False	none
GENE_00286	-0.405438	0.280669	False	none
GENE_00289	-0.289077	0.140261	False	none
GENE_00290	-0.014507	0.013676	False	none
GENE_00291	0.311836	0.379864	False	none
GENE_00292	0.266230	0.169411	False	none
GENE_00293	-0.462245	0.202732	False	none
GENE_00294	0.098008	0.033858	False	none
GENE_00295	0.286841	0.119758	False	none
GENE_00296	0.035987	0.019542	False	none
GENE_00297	0.126497	0.046240	False	none
GENE_00299	-0.083032	0.020452	False	none
GENE_00300	0.005170	0.001741	False	none
GENE_00301	0.164974	0.086186	False	none
GENE_00303	0.173148	0.089909	False	none
GENE_00304	0.281114	0.238072	False	none
GENE_00306	0.233645	0.097453	False	none
GENE_00309	0.084741	0.041914	False	none
GENE_00310	0.023678	0.015923	False	none
GENE_00311	-0.292041	0.169411	False	none
GENE_00312	0.108574	0.032920	False	none
GENE_00313	-0.431666	0.913640	False	none
GENE_00314	-0.037686	0.018181	False	none
GENE_00315	0.025029	0.010995	False	none
GENE_00316	-0.023901	0.010995	False	none
GENE_00317	-0.280685	0.288193	False	none
GENE_00318	-0.010366	0.012334	False	none
GENE_00319	0.207427	0.097453	False	none
GENE_00320	-0.030374	0.012334	False	none
GENE_00321	-0.076883	0.032920	False	none
GENE_00322	-0.586482	0.288193	False	none
GENE_00323	0.180265	0.177832	False	none
GENE_00324	-0.026610	0.013228	False	none
GENE_00325	0.036277	0.016825	False	none
GENE_00326	0.091319	0.033858	False	none
GENE_00327	0.073937	0.032920	False	none
GENE_00328	0.043361	0.016825	False	none
GENE_00329	0.094253	0.024568	False	none
GENE_00330	0.122426	0.032920	False	none
GENE_00331	-0.141015	0.072630	False	none
GENE_00332	-0.146096	0.032920	False	none
GENE_00333	0.334003	0.316953	False	none
GENE_00335	0.089973	0.024568	False	none
GENE_00336	0.257563	0.097453	False	none
GENE_00337	-0.305934	0.119758	False	none
GENE_00338	-0.021077	0.010550	False	none
GENE_00339	0.191862	0.089376	False	none
GENE_00340	-0.185460	0.089376	False	none
GENE_00341	-0.342576	0.232102	False	none
GENE_00342	0.266931	0.138466	False	none
GENE_00343	-0.226213	0.166216	False	none
GENE_00344	-0.119444	0.045275	False	none
GENE_00345	-0.060063	0.032920	False	none
GENE_00346	-0.175764	0.045275	False	none
GENE_00347	-0.207675	0.097453	False	none
GENE_00348	-0.373220	1.223299	False	none
GENE_00349	0.273795	0.230623	False	none
GENE_00351	0.414408	0.161781	False	none
GENE_00352	-0.201223	0.109020	False	none
GENE_00354	-0.383172	0.362510	False	none
GENE_00355	0.067787	0.045275	False	none
GENE_00356	0.053778	0.029188	False	none
GENE_00357	0.185082	0.095284	False	none
GENE_00358	-0.195848	0.097453	False	none
GENE_00359	-0.029133	0.020452	False	none
GENE_00360	0.109150	0.024568	False	none
GENE_00361	0.424963	0.299296	False	none
GENE_00363	0.092538	0.031984	False	none
GENE_00364	-0.197680	0.138466	False	none
GENE_00366	0.071491	0.032920	False	none
GENE_00367	0.236557	0.089376	False	none
GENE_00368	0.114740	0.032920	False	none
GENE_00369	-0.114732	0.033858	False	none
GENE_00370	0.145913	0.105130	False	none
GENE_00371	0.196073	0.104025	False	none
GENE_00373	-0.046311	0.018181	False	none
GENE_00374	-0.094250	0.032920	False	none
GENE_00375	0.128943	0.032452	False	none
GENE_00376	-0.141886	0.063486	False	none
GENE_00377	0.232070	0.097453	False	none
GENE_00378	-0.009834	0.004804	False	none
GENE_00379	0.088763	0.032920	False	none
GENE_00380	-0.134012	0.083020	False	none
GENE_00381	-0.131477	0.050610	False	none
GENE_00382	-0.051293	0.020452	False	none
GENE_00383	0.139280	0.033858	False	none
GENE_00384	-0.029561	0.013676	False	none
GENE_00385	-0.047115	0.020452	False	none
GENE_00386	0.073681	0.020452	False	none
GENE_00388	0.250039	0.274088	False	none
GENE_00389	0.470027	0.316953	False	none
GENE_00390	0.210494	0.085657	False	none
GENE_00391	-0.389400	0.109020	False	none
GENE_00392	0.158134	0.039529	False	none
GENE_00393	0.373834	0.266001	False	none
GENE_00395	-0.573018	0.627088	False	none
GENE_00396	-0.458091	0.353596	False	none
GENE_00398	-0.212612	0.130768	False	none
GENE_00399	0.259601	0.112383	False	none
GENE_00400	0.108356	0.073143	False	none
GENE_00401	0.335657	0.390406	False	none
GENE_00402	0.073144	0.024568	False	none
GENE_00403	0.170603	0.089376	False	none
GENE_00404	-0.304357	0.226214	False	none
GENE_00405	0.256555	0.140261	False	none
GENE_00406	0.300366	0.119758	False	none
GENE_00407	-0.282771	0.333482	False	none
GENE_00409	0.123673	0.039529	False	none
GENE_00410	-0.357767	0.274088	False	none
GENE_00411	0.859432	0.655608	False	none
GENE_00412	0.319897	0.345823	False	none
GENE_00413	-0.479832	0.497573	False	none
GENE_00414	0.107560	0.033858	False	none
GENE_00415	0.092470	0.029653	False	none
GENE_00416	-0.254073	0.112946	False	none
GENE_00417	0.077328	0.032920	False	none
GENE_00418	0.054833	0.020452	False	none
GENE_00419	0.013272	0.005683	False	none
GENE_00420	-0.258919	0.100727	False	none
GENE_00422	-0.258426	0.169411	False	none
GENE_00423	0.015588	0.005683	False	none
GENE_00424	-0.172886	0.058489	False	none
GENE_00425	-0.286951	0.100727	False	none
GENE_00426	0.130754	0.049635	False	none
GENE_00428	-0.161555	0.095284	False	none
GENE_00431	-0.065224	0.029653	False	none
GENE_00432	-0.103843	0.033858	False	none
GENE_00433	-0.358056	0.230623	False	none
GENE_00434	-0.072148	0.033858	False	none
GENE_00435	0.130450	0.041914	False	none
GENE_00436	0.159024	0.072630	False	none
GENE_00437	0.595489	0.661544	False	none
GENE_00439	0.035611	0.018181	False	none
GENE_00440	0.321156	0.140261	False	none
GENE_00441	0.361020	0.138466	False	none
GENE_00442	0.532252	0.399027	False	none
GENE_00443	0.109032	0.077275	False	none
GENE_00444	0.067185	0.024568	False	none
GENE_00445	-0.390632	0.230623	False	none
GENE_00446	-0.313634	0.104025	False	none
GENE_00447	0.035212	0.017277	False	none
GENE_00448	-0.158171	0.187087	False	none
GENE_00449	0.257751	0.083020	False	none
GENE_00450	-0.011363	0.006123	False	none
GENE_00451	-0.032097	0.014574	False	none
GENE_00452	0.049730	0.020907	False	none
GENE_00453	-0.228116	0.119758	False	none
GENE_00454	0.089198	0.032452	False	none
GENE_00456	-0.246501	0.182435	False	none
GENE_00457	0.098654	0.055517	False	none
GENE_00458	-0.254652	0.166216	False	none
GENE_00459	-0.181599	0.072630	False	none
GENE_00460	0.143089	0.100179	False	none
GENE_00461	-0.011510	0.005683	False	none
GENE_00462	0.213335	0.055517	False	none
GENE_00463	0.195797	0.166216	False	none
GENE_00464	0.098133	0.032920	False	none
GENE_00465	0.009002	0.005683	False	none
GENE_00466	-0.127262	0.032920	False	none
GENE_00467	0.074916	0.029653	False	none
GENE_00468	0.028132	0.013676	False	none
GENE_00469	-0.122231	0.032920	False	none
GENE_00470	-0.251446	0.169411	False	none
GENE_00471	0.405463	0.211125	False	none
GENE_00472	0.486893	0.333482	False	none
GENE_00473	-0.177343	0.083020	False	none
GENE_00474	0.607766	0.477556	False	none
GENE_00475	-0.050841	0.018181	False	none
GENE_00476	-0.165497	0.121478	False	none
GENE_00477	0.497856	0.913640	False	none
GENE_00478	-0.121625	0.033858	False	none
GENE_00479	0.212429	0.083546	False	none
GENE_00480	0.052268	0.018181	False	none
GENE_00481	-0.168073	0.064997	False	none
GENE_00482	0.334976	0.166216	False	none
GENE_00483	0.062115	0.020907	False	none
GENE_00484	-0.038458	0.017277	False	none
GENE_00485	-0.098062	0.031050	False	none
GENE_00486	0.285873	0.083020	False	none
GENE_00487	-0.141659	0.039529	False	none
GENE_00488	-0.047573	0.018181	False	none
GENE_00489	-0.210480	0.097453	False	none
GENE_00490	0.130366	0.045275	False	none
GENE_00491	-0.038226	0.016825	False	none
GENE_00492	0.080294	0.043832	False	none
GENE_00493	-0.006138	0.004365	False	none
GENE_00494	-0.710619	0.402305	False	none
GENE_00495	-0.137280	0.072630	False	none
GENE_00496	0.080406	0.024568	False	none
GENE_00497	-0.384681	0.333482	False	none
GENE_00498	0.174544	0.097453	False	none
GENE_00499	0.260292	0.879426	False	none
GENE_00500	0.158242	0.078834	False	none
GENE_00501	-0.042204	0.020452	False	none
GENE_00502	0.285293	0.089376	False	none
GENE_00504	0.094336	0.033858	False	none
GENE_00505	0.135200	0.095284	False	none
GENE_00506	-0.389213	0.482804	False	none
GENE_00507	0.398134	0.417937	False	none
GENE_00508	-0.094914	0.033858	False	none
GENE_00509	-0.302757	0.265200	False	none
GENE_00510	0.485211	0.266001	False	none
GENE_00511	-0.177628	0.169411	False	none
GENE_00512	0.263783	0.119758	False	none
GENE_00513	-0.095882	0.024568	False	none
GENE_00514	-0.053639	0.020907	False	none
GENE_00515	-0.065469	0.032920	False	none
GENE_00516	0.138498	0.078834	False	none
GENE_00517	0.400414	0.661544	False	none
GENE_00518	-0.025949	0.016374	False	none
GENE_00519	0.100474	0.045275	False	none
GENE_00520	0.179469	0.047692	False	none
GENE_00521	0.021653	0.010550	False	none
GENE_00522	0.018917	0.013228	False	none
GENE_00523	0.170435	0.032920	False	none
GENE_00524	0.098491	0.032920	False	none
GENE_00525	-0.018047	0.010550	False	none
GENE_00526	-0.155675	0.055517	False	none
GENE_00527	0.635505	1.092589	False	none
GENE_00528	0.190537	0.165579	False	none
GENE_00530	0.081634	0.031517	False	none
GENE_00531	-0.438604	0.692504	False	none
GENE_00532	0.282770	0.403403	False	none
GENE_00533	-0.287108	0.122629	False	none
GENE_00534	0.398127	0.182435	False	none
GENE_00535	0.207325	0.079355	False	none
GENE_00536	0.056366	0.020907	False	none
GENE_00537	0.040163	0.018181	False	none
GENE_00538	-0.414895	0.345823	False	none
GENE_00539	0.220184	0.089376	False	none
GENE_00540	0.041318	0.016825	False	none
GENE_00541	0.208368	0.118615	False	none
GENE_00542	0.101430	0.032920	False	none
GENE_00544	-0.298935	0.100727	False	none
GENE_00545	0.433426	1.040959	False	none
GENE_00546	0.180560	0.083020	False	none
GENE_00547	-0.000393	-0.000000	False	none
GENE_00548	0.199618	0.104025	False	none
GENE_00549	0.171903	0.154902	False	none
GENE_00551	-0.209856	0.106238	False	none
GENE_00552	-0.167821	0.081445	False	none
GENE_00553	0.080604	0.033858	False	none
GENE_00554	0.065901	0.024568	False	none
GENE_00555	0.379828	0.206210	False	none
GENE_00556	0.341743	0.343902	False	none
GENE_00557	0.340749	0.119758	False	none
GENE_00558	0.018785	0.016825	False	none
GENE_00559	0.432625	0.333482	False	none
GENE_00560	0.226641	0.140261	False	none
GENE_00561	-0.281682	0.114639	False	none
GENE_00562	0.286458	0.347754	False	none
GENE_00563	0.330477	0.201349	False	none
GENE_00564	0.165471	0.063989	False	none
GENE_00566	0.125030	0.071092	False	none
GENE_00567	0.434192	0.345823	False	none
GENE_00568	0.424755	0.209715	False	none
GENE_00569	0.141720	0.033858	False	none
GENE_00570	0.034345	0.013676	False	none
GENE_00571	-0.211766	0.114074	False	none
GENE_00572	-0.088580	0.032920	False	none
GENE_00573	0.150902	0.072630	False	none
GENE_00574	-0.308400	0.288193	False	none
GENE_00575	0.208802	0.454693	False	none
GENE_00576	0.568970	1.057992	False	none
GENE_00577	0.496970	0.913640	False	none
GENE_00578	-0.127501	0.047692	False	none
GENE_00579	-0.252044	0.769551	False	none
GENE_00580	-0.333137	0.239578	False	none
GENE_00581	-0.045966	0.016825	False	none
GENE_00582	0.252788	0.177832	False	none
GENE_00583	-0.046090	0.018181	False	none
GENE_00584	-0.122430	0.032920	False	none
GENE_00585	0.186551	0.095284	False	none
GENE_00586	0.338951	0.213959	False	none
GENE_00587	-0.060582	0.032920	False	none
GENE_00588	-0.257310	0.219683	False	none
GENE_00589	0.193783	0.131944	False	none
GENE_00590	0.121154	0.033858	False	none
GENE_00591	-0.264190	0.119758	False	none
GENE_00592	0.469379	0.393619	False	none
GENE_00593	0.288521	0.087778	False	none
GENE_00594	0.090335	0.024568	False	none
GENE_00596	0.036983	0.014574	False	none
GENE_00597	0.100751	0.052566	False	none
GENE_00598	-0.073919	0.032920	False	none
GENE_00599	0.259267	0.166216	False	none
GENE_00600	0.563786	0.443697	False	none
GENE_00601	0.114838	0.034328	False	none
GENE_00602	0.110276	0.032920	False	none
GENE_00604	0.532081	0.396856	False	none
GENE_00605	-0.025913	0.013228	False	none
GENE_00606	0.174657	0.073143	False	none
GENE_00607	0.523420	1.330683	True	up
GENE_00608	-0.198960	0.083020	False	none
GENE_00609	0.225012	0.164309	False	none
GENE_00610	0.176883	0.170053	False	none
GENE_00611	-0.194053	0.161781	False	none
GENE_00612	-0.055110	0.018181	False	none
GENE_00613	0.100317	0.032920	False	none
GENE_00614	0.225692	0.114074	False	none
GENE_00616	0.087449	0.024568	False	none
GENE_00617	0.215811	0.182435	False	none
GENE_00618	0.360646	0.486782	False	none
GENE_00619	-0.186018	0.089376	False	none
GENE_00620	-0.401892	0.288193	False	none
GENE_00621	-0.049404	0.029653	False	none
GENE_00623	0.596713	0.443697	False	none
GENE_00624	0.161253	0.063989	False	none
GENE_00625	0.313762	0.161781	False	none
GENE_00626	0.043978	0.016825	False	none
GENE_00627	0.462559	0.701147	False	none
GENE_00628	-0.111680	0.035269	False	none
GENE_00629	0.244864	0.089376	False	none
GENE_00630	-0.025634	0.013676	False	none
GENE_00632	0.495619	0.459671	False	none
GENE_00633	-0.106749	0.043351	False	none
GENE_00634	0.377335	0.288193	False	none
GENE_00635	-0.179730	0.104025	False	none
GENE_00636	-0.328021	0.238072	False	none
GENE_00637	0.699199	0.351640	False	none
GENE_00638	-0.083048	0.035269	False	none
GENE_00639	0.252700	0.169411	False	none
GENE_00640	0.223924	0.158015	False	none
GENE_00641	-0.063925	0.020452	False	none
GENE_00642	-0.225210	0.119186	False	none
GENE_00644	-0.092702	0.072630	False	none
GENE_00645	0.005509	0.003488	False	none
GENE_00647	0.044299	0.013676	False	none
GENE_00648	-0.177787	0.083020	False	none
GENE_00649	0.285215	0.288193	False	none
GENE_00650	0.053133	0.020452	False	none
GENE_00651	0.144381	0.082494	False	none
GENE_00652	-0.232332	0.214670	False	none
GENE_00653	0.186678	0.170053	False	none
GENE_00654	0.072196	0.016825	False	none
GENE_00655	0.600774	0.280669	False	none
GENE_00656	0.293498	0.096910	False	none
GENE_00657	0.065827	0.024568	False	none
GENE_00658	-0.495115	0.304518	False	none
GENE_00659	0.205630	0.067019	False	none
GENE_00660	0.321110	0.359519	False	none
GENE_00661	0.236584	0.161781	False	none
GENE_00662	-0.325275	0.122629	False	none
GENE_00663	0.299048	0.124939	False	none
GENE_00664	0.190582	0.137869	False	none
GENE_00665	0.686979	0.801343	False	none
GENE_00667	-0.113129	0.045275	False	none
GENE_00668	0.107140	0.033858	False	none
GENE_00669	0.172924	0.061480	False	none
GENE_00670	0.164356	0.078834	False	none
GENE_00671	-0.181489	0.062482	False	none
GENE_00673	-0.009635	0.004804	False	none
GENE_00674	-0.491630	0.443697	False	none
GENE_00675	-0.036561	0.016825	False	none
GENE_00676	-0.034034	0.013676	False	none
GENE_00677	0.012009	0.005683	False	none
GENE_00678	0.124045	0.060980	False	none
GENE_00680	-0.273673	0.229148	False	none
GENE_00681	-0.099467	0.032920	False	none
GENE_00682	0.203881	0.089376	False	none
GENE_00683	-0.077713	0.032920	False	none
GENE_00684	0.124797	0.050610	False	none
GENE_00685	-0.277145	0.203426	False	none
GENE_00686	-0.493884	0.591760	False	none
GENE_00687	0.004754	0.001741	False	none
GENE_00688	0.089016	0.032920	False	none
GENE_00689	0.131361	0.106238	False	none
GENE_00690	-0.131170	0.045275	False	none
GENE_00691	-0.198176	0.050610	False	none
GENE_00692	0.411912	0.723538	False	none
GENE_00693	0.149678	0.049635	False	none
GENE_00694	0.199101	0.097453	False	none
GENE_00695	-0.168826	0.083020	False	none
GENE_00696	-0.210078	0.104025	False	none
GENE_00698	-0.207819	0.097453	False	none
GENE_00699	-0.389135	0.202732	False	none
GENE_00701	0.186877	0.096910	False	none
GENE_00702	-0.190514	0.072630	False	none
GENE_00704	0.349941	0.230623	False	none
GENE_00705	-0.274132	0.333482	False	none
GENE_00706	0.054126	0.016825	False	none
GENE_00707	-0.307540	0.441291	False	none
GENE_00708	0.117115	0.072630	False	none
GENE_00709	-0.042661	0.020907	False	none
GENE_00710	0.017598	0.010995	False	none
GENE_00711	0.081560	0.039529	False	none
GENE_00712	-0.259054	0.211125	False	none
GENE_00713	-0.033152	0.016825	False	none
GENE_00714	-0.260436	0.170053	False	none
GENE_00715	0.434443	0.679854	False	none
GENE_00716	-0.425257	0.396856	False	none
GENE_00717	-0.349963	0.097453	False	none
GENE_00718	0.067523	0.018181	False	none
GENE_00720	0.131991	0.045275	False	none
GENE_00722	-0.015486	0.005683	False	none
GENE_00723	-0.065500	0.024568	False	none
GENE_00724	0.220565	0.116907	False	none
GENE_00726	0.291589	0.140261	False	none
GENE_00727	0.243379	0.211125	False	none
GENE_00728	-0.613380	0.443697	False	none
GENE_00729	0.346295	0.247952	False	none
GENE_00730	-0.031521	0.013676	False	none
GENE_00732	-0.044311	0.017277	False	none
GENE_00734	-0.110951	0.032920	False	none
GENE_00735	0.081969	0.020452	False	none
GENE_00736	-0.340907	0.317855	False	none
GENE_00737	-0.260333	0.187087	False	none
GENE_00738	0.055141	0.017277	False	none
GENE_00739	-0.425796	0.255707	False	none
GENE_00740	0.164159	0.033858	False	none
GENE_00741	0.089359	0.031517	False	none
GENE_00742	0.464795	0.288193	False	none
GENE_00743	-0.093358	0.024568	False	none
GENE_00744	0.543931	0.308035	False	none
GENE_00745	0.252007	0.092589	False	none
GENE_00746	-0.253573	0.124939	False	none
GENE_00747	0.261625	0.182435	False	none
GENE_00748	0.221681	0.089376	False	none
GENE_00749	-0.245202	0.627088	False	none
GENE_00752	0.471021	0.437707	False	none
GENE_00754	0.222579	0.177832	False	none
GENE_00755	0.141050	0.047208	False	none
GENE_00756	0.035159	0.020452	False	none
GENE_00757	0.183611	0.081445	False	none
GENE_00758	-0.261407	0.079877	False	none
GENE_00759	0.238182	0.140261	False	none
GENE_00760	-0.322623	0.288193	False	none
GENE_00761	0.203645	0.169411	False	none
GENE_00762	0.251271	0.247952	False	none
GENE_00763	-0.279271	0.124360	False	none
GENE_00764	-0.165638	0.071092	False	none
GENE_00765	0.479445	0.308035	False	none
GENE_00766	0.077441	0.032920	False	none
GENE_00767	-0.186330	0.100727	False	none
GENE_00770	0.341472	0.097453	False	none
GENE_00771	0.248750	0.182435	False	none
GENE_00772	-0.274416	0.235824	False	none
GENE_00774	-0.000000	-0.000000	False	none
GENE_00775	0.073818	0.020452	False	none
GENE_00777	-0.040195	0.016374	False	none
GENE_00778	0.308835	0.097453	False	none
GENE_00779	0.352660	0.627088	False	none
GENE_00780	-0.031394	0.015923	False	none
GENE_00781	0.481880	0.686133	False	none
GENE_00782	-0.088132	0.032920	False	none
GENE_00783	-0.234710	0.304518	False	none
GENE_00784	0.232527	0.100727	False	none
GENE_00785	0.005299	0.001741	False	none
GENE_00786	-0.227394	0.050610	False	none
GENE_00787	-0.031030	0.018181	False	none
GENE_00788	-0.098017	0.039529	False	none
GENE_00789	-0.076039	0.024568	False	none
GENE_00790	-0.036049	0.018181	False	none
GENE_00791	0.020193	0.010995	False	none
GENE_00792	-0.119599	0.050610	False	none
GENE_00793	-0.052890	0.018181	False	none
GENE_00794	0.345222	0.316953	False	none
GENE_00795	-0.388876	0.170053	False	none
GENE_00796	0.043622	0.017729	False	none
GENE_00798	0.016502	0.010550	False	none
GENE_00799	-0.012409	0.005683	False	none
GENE_00800	0.137812	0.083020	False	none
GENE_00801	0.428276	0.879426	False	none
GENE_00802	0.130553	0.091515	False	none
GENE_00803	-0.207079	0.097453	False	none
GENE_00804	0.024772	0.017277	False	none
GENE_00805	0.138459	0.082494	False	none
GENE_00806	0.090225	0.032920	False	none
GENE_00807	0.123203	0.033858	False	none
GENE_00808	0.184362	0.097453	False	none
GENE_00809	0.107377	0.032920	False	none
GENE_00810	-0.150413	0.079877	False	none
GENE_00811	0.045579	0.020452	False	none
GENE_00812	-0.065481	0.031517	False	none
GENE_00813	0.182841	0.089376	False	none
GENE_00814	-0.013432	0.010550	False	none
GENE_00815	-0.240961	0.097453	False	none
GENE_00816	0.163530	0.072630	False	none
GENE_00817	-0.132172	0.060481	False	none
GENE_00818	-0.409331	0.359519	False	none
GENE_00821	-0.088261	0.041914	False	none
GENE_00822	0.156958	0.063486	False	none
GENE_00823	0.516092	0.308035	False	none
GENE_00824	-0.102676	0.032920	False	none
GENE_00825	-0.350685	0.140261	False	none
GENE_00826	-0.342071	0.187087	False	none
GENE_00827	-0.195056	0.124939	False	none
GENE_00828	0.247945	0.082494	False	none
GENE_00829	0.467130	0.302771	False	none
GENE_00830	0.707096	1.178486	False	none
GENE_00831	0.055389	0.020452	False	none
GENE_00832	0.115439	0.032920	False	none
GENE_00833	-0.055447	0.024568	False	none
GENE_00834	0.122366	0.055517	False	none
GENE_00835	-0.332263	0.686133	False	none
GENE_00836	0.106609	0.041914	False	none
GENE_00837	0.439721	1.730487	True	up
GENE_00838	0.266625	0.104025	False	none
GENE_00839	-0.090627	0.032920	False	none
GENE_00840	-0.045882	0.018181	False	none
GENE_00841	-0.077713	0.022734	False	none
GENE_00842	0.265293	0.148742	False	none
GENE_00843	0.476696	0.187087	False	none
GENE_00844	0.004230	0.001741	False	none
GENE_00845	-0.230988	0.105130	False	none
GENE_00846	-0.301515	0.170053	False	none
GENE_00847	0.056808	0.017277	False	none
GENE_00848	-0.487016	1.204815	False	none
GENE_00849	0.058345	0.028724	False	none
GENE_00850	0.183285	0.047208	False	none
GENE_00851	0.047853	0.017277	False	none
GENE_00852	0.408244	0.204815	False	none
GENE_00853	0.193598	0.096910	False	none
GENE_00854	-0.065961	0.024568	False	none
GENE_00855	0.715183	1.330683	True	up
GENE_00857	0.349185	0.345823	False	none
GENE_00858	-0.315582	0.289883	False	none
GENE_00859	-0.269457	0.100727	False	none
GENE_00860	0.283253	0.211125	False	none
GENE_00861	0.166709	0.083020	False	none
GENE_00862	-0.212583	0.089376	False	none
GENE_00865	-0.066226	0.029653	False	none
GENE_00866	0.452419	0.292430	False	none
GENE_00867	0.390581	0.308035	False	none
GENE_00868	0.195658	0.097453	False	none
GENE_00869	-0.153556	0.083020	False	none
GENE_00870	-0.168050	0.093126	False	none
GENE_00871	-0.260924	0.187087	False	none
GENE_00872	-0.054332	0.020452	False	none
GENE_00873	0.133484	0.032920	False	none
GENE_00874	0.053630	0.024568	False	none
GENE_00875	0.471534	0.546682	False	none
GENE_00876	0.320432	0.119758	False	none
GENE_00878	-0.154584	0.083020	False	none
GENE_00879	-0.102467	0.032920	False	none
GENE_00880	-0.168006	0.049635	False	none
GENE_00882	0.210703	0.089376	False	none
GENE_00883	0.170589	0.072630	False	none
GENE_00884	-0.064178	0.024568	False	none
GENE_00885	0.056275	0.019997	False	none
GENE_00886	0.305639	0.140261	False	none
GENE_00888	-0.464650	0.605548	False	none
GENE_00889	-0.022543	0.014125	False	none
GENE_00890	0.263491	0.175224	False	none
GENE_00891	-0.124028	0.039529	False	none
GENE_00892	0.046055	0.015923	False	none
GENE_00893	0.702735	0.316953	False	none
GENE_00894	-0.120576	0.089376	False	none
GENE_00895	-0.458221	0.454693	False	none
GENE_00896	-0.139521	0.049635	False	none
GENE_00897	-0.148409	0.072630	False	none
GENE_00898	0.091015	0.031984	False	none
GENE_00899	0.323048	0.170053	False	none
GENE_00900	-0.227934	0.140261	False	none
GENE_00901	0.037301	0.020452	False	none
GENE_00902	0.085862	0.031984	False	none
GENE_00903	-0.198660	0.096910	False	none
GENE_00904	-0.109408	0.035269	False	none
GENE_00905	0.169398	0.084600	False	none
GENE_00906	0.130768	0.169411	False	none
GENE_00907	0.190450	0.063486	False	none
GENE_00908	-0.647652	1.283162	False	none
GENE_00909	-0.699215	1.619789	True	down
GENE_00910	0.223374	0.101824	False	none
GENE_00911	0.044506	0.020452	False	none
GENE_00912	-0.224342	0.301899	False	none
GENE_00913	0.345941	0.209715	False	none
GENE_00914	0.426433	0.372634	False	none
GENE_00915	-0.121969	0.033858	False	none
GENE_00916	-0.223418	0.119758	False	none
GENE_00917	-0.209285	0.095284	False	none
GENE_00918	0.142958	0.045275	False	none
GENE_00919	0.069686	0.032920	False	none
GENE_00920	0.030110	0.013676	False	none
GENE_00921	0.296311	0.209715	False	none
GENE_00924	0.335020	0.235824	False	none
GENE_00925	-0.237151	0.170053	False	none
GENE_00926	0.110107	0.032920	False	none
GENE_00927	0.184664	0.083020	False	none
GENE_00928	-0.075808	0.032920	False	none
GENE_00929	0.109254	0.033858	False	none
GENE_00930	-0.186437	0.097453	False	none
GENE_00931	-0.026998	0.018181	False	none
GENE_00932	0.608365	0.485452	False	none
GENE_00933	0.077372	0.020452	False	none
GENE_00934	-0.002407	0.001305	False	none
GENE_00935	0.305018	0.093126	False	none
GENE_00936	0.058640	0.020452	False	none
GENE_00937	-0.078105	0.024568	False	none
GENE_00938	0.194602	0.095284	False	none
GENE_00939	0.216137	0.169411	False	none
GENE_00941	0.116431	0.089376	False	none
GENE_00942	0.150435	0.100727	False	none
GENE_00943	-0.040986	0.019542	False	none
GENE_00944	0.138210	0.156145	False	none
GENE_00945	-0.128048	0.050610	False	none
GENE_00946	0.006110	0.004365	False	none
GENE_00947	0.124382	0.089376	False	none
GENE_00948	-0.206720	0.090979	False	none
GENE_00949	0.522102	0.308035	False	none
GENE_00950	0.363113	0.255707	False	none
GENE_00951	0.161588	0.078834	False	none
GENE_00952	0.273212	0.156767	False	none
GENE_00953	0.112483	0.097453	False	none
GENE_00954	0.040461	0.013676	False	none
GENE_00955	-0.037127	0.020452	False	none
GENE_00956	0.312442	0.477556	False	none
GENE_00957	-0.003528	0.001741	False	none
GENE_00958	-0.029446	0.013676	False	none
GENE_00959	-0.068551	0.031050	False	none
GENE_00960	0.169607	0.186419	False	none
GENE_00961	-0.140079	0.083020	False	none
GENE_00962	-0.058157	0.020452	False	none
GENE_00963	0.226674	0.206210	False	none
GENE_00964	-0.120120	0.032920	False	none
GENE_00965	-0.557654	0.362510	False	none
GENE_00966	0.044113	0.018181	False	none
GENE_00967	-0.016736	0.006564	False	none
GENE_00968	-0.272149	0.119186	False	none
GENE_00969	0.065722	0.020452	False	none
GENE_00970	0.410667	0.182435	False	none
GENE_00972	-0.047327	0.020452	False	none
GENE_00973	-0.091333	0.033858	False	none
GENE_00974	0.000124	-0.000000	False	none
GENE_00975	0.047921	0.020452	False	none
GENE_00976	0.602736	0.610834	False	none
GENE_00977	0.324754	0.178486	False	none
GENE_00978	0.194813	0.092589	False	none
GENE_00980	0.107505	0.033858	False	none
GENE_00981	-0.479371	0.744727	False	none
GENE_00982	0.110751	0.039529	False	none
GENE_00983	-0.501158	0.346787	False	none
GENE_00985	0.499400	0.316953	False	none
GENE_00986	-0.058908	0.020452	False	none
GENE_00987	-0.006061	0.004804	False	none
GENE_00988	0.233334	0.081445	False	none
GENE_00989	-0.042714	0.024568	False	none
GENE_00990	0.003792	0.001741	False	none
GENE_00991	-0.640907	0.468521	False	none
GENE_00992	0.201954	0.081445	False	none
GENE_00994	0.247871	0.097453	False	none
GENE_00995	-0.441847	0.230623	False	none
GENE_00997	0.085117	0.024568	False	none
GENE_00998	-0.101463	0.032920	False	none
GENE_00999	0.170102	0.097453	False	none
GENE_01000	0.167680	0.061480	False	none
