transcript_id	count	tpm	effective_length
transcript_0838	1126.00	23299.604776	1000
transcript_0721	1110.00	22968.526910	1000
transcript_0734	1099.00	22740.910878	1000
transcript_0920	826.00	17091.894800	1000
transcript_0071	702.00	14526.041343	1000
transcript_0029	689.00	14257.040578	1000
transcript_0170	641.00	13263.806982	1000
transcript_0833	626.00	12953.421483	1000
transcript_0967	625.00	12932.729116	1000
transcript_0690	592.00	12249.881019	1000
transcript_0487	581.00	12022.264986	1000
transcript_0769	511.00	10573.799325	1000
transcript_0280	448.00	9270.180231	1000
transcript_0493	421.00	8711.486333	1000
transcript_0353	415.00	8587.332133	1000
transcript_0714	410.00	8483.870300	1000
transcript_0106	377.00	7801.022203	1000
transcript_0903	368.00	7614.790904	1000
transcript_0700	365.00	7552.713804	1000
transcript_0717	353.00	7304.405405	1000
transcript_0618	338.00	6994.019906	1000
transcript_0532	335.00	6931.942806	1000
transcript_0166	330.00	6828.480973	1000
transcript_0328	321.00	6642.249674	1000
transcript_0812	312.00	6456.018375	1000
transcript_0776	301.00	6228.402342	1000
transcript_0793	287.00	5938.709210	1000
transcript_0377	284.00	5876.632110	1000
transcript_0176	284.00	5876.632110	1000
transcript_0778	282.00	5835.247377	1000
transcript_0288	282.00	5835.247377	1000
transcript_0785	281.00	5814.555011	1000
transcript_0401	274.00	5669.708445	1000
transcript_0172	274.00	5669.708445	1000
transcript_0077	270.00	5586.938978	1000
transcript_0397	270.00	5586.938978	1000
transcript_0972	262.00	5421.400046	1000
transcript_0425	256.00	5297.245846	1000
transcript_0749	249.00	5152.399280	1000
transcript_0702	248.00	5131.706913	1000
transcript_0993	241.00	4986.860347	1000
transcript_0400	230.00	4759.244315	1000
transcript_0617	230.00	4759.244315	1000
transcript_0773	219.00	4531.628282	1000
transcript_0488	208.00	4304.012250	1000
transcript_0125	205.00	4241.935150	1000
transcript_0517	205.00	4241.935150	1000
transcript_0309	201.00	4159.165684	1000
transcript_0831	201.00	4159.165684	1000
transcript_0949	196.00	4055.703851	1000
transcript_0090	194.00	4014.319118	1000
transcript_0247	190.00	3931.549651	1000
transcript_0115	188.00	3890.164918	1000
transcript_0333	183.00	3786.703085	1000
transcript_0255	182.00	3766.010719	1000
transcript_0853	180.00	3724.625985	1000
transcript_0088	173.00	3579.779419	1000
transcript_0428	173.00	3579.779419	1000
transcript_0008	172.00	3559.087053	1000
transcript_0507	171.00	3538.394686	1000
transcript_0894	171.00	3538.394686	1000
transcript_0623	169.00	3497.009953	1000
transcript_0986	166.00	3434.932853	1000
transcript_0686	165.00	3414.240487	1000
transcript_0123	158.00	3269.393921	1000
transcript_0889	156.00	3228.009187	1000
transcript_0898	156.00	3228.009187	1000
transcript_0161	154.00	3186.624454	1000
transcript_0134	152.00	3145.239721	1000
transcript_0078	151.00	3124.547354	1000
transcript_0325	149.00	3083.162621	1000
transcript_0759	148.00	3062.470255	1000
transcript_0454	148.00	3062.470255	1000
transcript_0374	147.00	3041.777888	1000
transcript_0680	147.00	3041.777888	1000
transcript_0846	145.00	3000.393155	1000
transcript_0900	144.00	2979.700788	1000
transcript_0373	136.00	2814.161856	1000
transcript_0200	135.00	2793.469489	1000
transcript_0877	134.00	2772.777123	1000
transcript_0997	131.00	2710.700023	1000
transcript_0272	129.00	2669.315290	1000
transcript_0600	129.00	2669.315290	1000
transcript_0298	129.00	2669.315290	1000
transcript_0666	127.00	2627.930556	1000
transcript_0168	127.00	2627.930556	1000
transcript_0753	124.00	2565.853457	1000
transcript_0446	124.00	2565.853457	1000
transcript_0670	121.00	2503.776357	1000
transcript_0317	121.00	2503.776357	1000
transcript_0875	120.00	2483.083990	1000
transcript_0582	117.00	2421.006891	1000
transcript_0977	117.00	2421.006891	1000
transcript_0223	117.00	2421.006891	1000
transcript_0864	116.00	2400.314524	1000
transcript_0104	116.00	2400.314524	1000
transcript_0128	115.00	2379.622157	1000
transcript_0412	115.00	2379.622157	1000
transcript_0384	115.00	2379.622157	1000
transcript_0260	115.00	2379.622157	1000
transcript_0266	115.00	2379.622157	1000
transcript_0987	114.00	2358.929791	1000
transcript_0243	114.00	2358.929791	1000
transcript_0402	113.00	2338.237424	1000
transcript_0885	112.00	2317.545058	1000
transcript_0179	108.00	2234.775591	1000
transcript_0251	108.00	2234.775591	1000
transcript_0675	107.00	2214.083225	1000
transcript_0484	104.00	2152.006125	1000
transcript_0790	103.00	2131.313758	1000
transcript_0844	103.00	2131.313758	1000
transcript_0988	102.00	2110.621392	1000
transcript_0565	101.00	2089.929025	1000
transcript_0067	100.00	2069.236659	1000
transcript_0624	99.00	2048.544292	1000
transcript_0082	98.00	2027.851925	1000
transcript_0570	97.00	2007.159559	1000
transcript_0814	97.00	2007.159559	1000
transcript_0745	96.00	1986.467192	1000
transcript_0380	96.00	1986.467192	1000
transcript_0924	94.00	1945.082459	1000
transcript_0892	92.00	1903.697726	1000
transcript_0065	91.00	1883.005359	1000
transcript_0190	90.00	1862.312993	1000
transcript_0367	90.00	1862.312993	1000
transcript_0239	90.00	1862.312993	1000
transcript_0215	89.00	1841.620626	1000
transcript_0480	89.00	1841.620626	1000
transcript_0035	88.00	1820.928260	1000
transcript_0549	88.00	1820.928260	1000
transcript_0452	88.00	1820.928260	1000
transcript_0787	87.00	1800.235893	1000
transcript_0202	87.00	1800.235893	1000
transcript_0368	86.00	1779.543526	1000
transcript_0349	85.00	1758.851160	1000
transcript_0438	84.00	1738.158793	1000
transcript_0744	84.00	1738.158793	1000
transcript_0131	83.00	1717.466427	1000
transcript_0491	83.00	1717.466427	1000
transcript_0610	82.00	1696.774060	1000
transcript_0978	81.00	1676.081693	1000
transcript_0961	81.00	1676.081693	1000
transcript_0990	81.00	1676.081693	1000
transcript_0059	80.00	1655.389327	1000
transcript_0051	79.00	1634.696960	1000
transcript_0174	79.00	1634.696960	1000
transcript_0914	78.00	1614.004594	1000
transcript_0880	78.00	1614.004594	1000
transcript_0508	78.00	1614.004594	1000
transcript_0477	78.00	1614.004594	1000
transcript_0376	78.00	1614.004594	1000
transcript_0557	77.00	1593.312227	1000
transcript_0014	77.00	1593.312227	1000
transcript_0929	76.00	1572.619861	1000
transcript_0220	76.00	1572.619861	1000
transcript_0952	75.00	1551.927494	1000
transcript_0258	73.00	1510.542761	1000
transcript_0022	73.00	1510.542761	1000
transcript_0660	72.00	1489.850394	1000
transcript_0329	72.00	1489.850394	1000
transcript_0811	72.00	1489.850394	1000
transcript_0171	71.00	1469.158028	1000
transcript_0277	70.00	1448.465661	1000
transcript_0850	70.00	1448.465661	1000
transcript_0957	70.00	1448.465661	1000
transcript_0471	69.00	1427.773294	1000
transcript_0948	69.00	1427.773294	1000
transcript_0445	68.00	1407.080928	1000
transcript_0354	68.00	1407.080928	1000
transcript_0732	68.00	1407.080928	1000
transcript_0470	68.00	1407.080928	1000
transcript_0447	67.00	1386.388561	1000
transcript_0673	66.00	1365.696195	1000
transcript_0766	66.00	1365.696195	1000
transcript_0674	66.00	1365.696195	1000
transcript_0461	66.00	1365.696195	1000
transcript_0319	65.00	1345.003828	1000
transcript_0980	65.00	1345.003828	1000
transcript_0595	64.00	1324.311462	1000
transcript_0086	64.00	1324.311462	1000
transcript_0019	64.00	1324.311462	1000
transcript_0606	63.00	1303.619095	1000
transcript_0072	62.00	1282.926728	1000
transcript_0468	62.00	1282.926728	1000
transcript_0775	62.00	1282.926728	1000
transcript_0093	62.00	1282.926728	1000
transcript_0678	62.00	1282.926728	1000
transcript_0981	61.00	1262.234362	1000
transcript_0738	60.00	1241.541995	1000
transcript_0772	60.00	1241.541995	1000
transcript_0653	59.00	1220.849629	1000
transcript_0830	59.00	1220.849629	1000
transcript_0188	59.00	1220.849629	1000
transcript_0097	59.00	1220.849629	1000
transcript_0079	59.00	1220.849629	1000
transcript_0883	59.00	1220.849629	1000
transcript_0141	59.00	1220.849629	1000
transcript_0822	59.00	1220.849629	1000
transcript_0241	58.00	1200.157262	1000
transcript_0537	58.00	1200.157262	1000
transcript_0009	58.00	1200.157262	1000
transcript_0299	58.00	1200.157262	1000
transcript_0173	58.00	1200.157262	1000
transcript_0139	58.00	1200.157262	1000
transcript_0284	58.00	1200.157262	1000
transcript_0646	58.00	1200.157262	1000
transcript_0463	58.00	1200.157262	1000
transcript_0408	57.00	1179.464895	1000
transcript_0574	57.00	1179.464895	1000
transcript_0110	57.00	1179.464895	1000
transcript_0056	57.00	1179.464895	1000
transcript_0584	56.00	1158.772529	1000
transcript_0874	56.00	1158.772529	1000
transcript_0510	56.00	1158.772529	1000
transcript_0370	56.00	1158.772529	1000
transcript_0147	55.00	1138.080162	1000
transcript_0841	55.00	1138.080162	1000
transcript_0073	55.00	1138.080162	1000
transcript_0292	55.00	1138.080162	1000
transcript_0860	55.00	1138.080162	1000
transcript_0162	54.00	1117.387796	1000
transcript_0979	54.00	1117.387796	1000
transcript_0855	54.00	1117.387796	1000
transcript_0108	53.00	1096.695429	1000
transcript_0061	52.00	1076.003062	1000
transcript_0338	52.00	1076.003062	1000
transcript_0710	52.00	1076.003062	1000
transcript_0691	52.00	1076.003062	1000
transcript_0321	52.00	1076.003062	1000
transcript_0534	51.00	1055.310696	1000
transcript_0228	51.00	1055.310696	1000
transcript_0965	51.00	1055.310696	1000
transcript_0774	51.00	1055.310696	1000
transcript_0410	51.00	1055.310696	1000
transcript_0224	50.00	1034.618329	1000
transcript_0933	50.00	1034.618329	1000
transcript_0074	50.00	1034.618329	1000
transcript_0873	50.00	1034.618329	1000
transcript_0301	49.00	1013.925963	1000
transcript_0598	49.00	1013.925963	1000
transcript_0878	49.00	1013.925963	1000
transcript_0901	49.00	1013.925963	1000
transcript_0918	49.00	1013.925963	1000
transcript_0282	48.00	993.233596	1000
transcript_0240	48.00	993.233596	1000
transcript_0975	48.00	993.233596	1000
transcript_0213	48.00	993.233596	1000
transcript_0866	48.00	993.233596	1000
transcript_0453	48.00	993.233596	1000
transcript_0264	48.00	993.233596	1000
transcript_0737	47.00	972.541230	1000
transcript_0818	47.00	972.541230	1000
transcript_0542	47.00	972.541230	1000
transcript_0791	47.00	972.541230	1000
transcript_0999	47.00	972.541230	1000
transcript_0033	47.00	972.541230	1000
transcript_0679	46.00	951.848863	1000
transcript_0404	46.00	951.848863	1000
transcript_0291	46.00	951.848863	1000
transcript_0334	45.00	931.156496	1000
transcript_0556	45.00	931.156496	1000
transcript_0426	45.00	931.156496	1000
transcript_0760	44.00	910.464130	1000
transcript_0764	44.00	910.464130	1000
transcript_0955	44.00	910.464130	1000
transcript_0884	44.00	910.464130	1000
transcript_0184	44.00	910.464130	1000
transcript_0934	44.00	910.464130	1000
transcript_0273	43.00	889.771763	1000
transcript_0047	43.00	889.771763	1000
transcript_0103	43.00	889.771763	1000
transcript_0138	43.00	889.771763	1000
transcript_0609	43.00	889.771763	1000
transcript_0891	43.00	889.771763	1000
transcript_0581	42.00	869.079397	1000
transcript_0786	42.00	869.079397	1000
transcript_0101	42.00	869.079397	1000
transcript_0013	42.00	869.079397	1000
transcript_0234	41.00	848.387030	1000
transcript_0748	41.00	848.387030	1000
transcript_0643	41.00	848.387030	1000
transcript_0809	41.00	848.387030	1000
transcript_0810	41.00	848.387030	1000
transcript_0205	40.00	827.694663	1000
transcript_0788	40.00	827.694663	1000
transcript_0725	40.00	827.694663	1000
transcript_0063	40.00	827.694663	1000
transcript_0723	40.00	827.694663	1000
transcript_0462	40.00	827.694663	1000
transcript_0516	40.00	827.694663	1000
transcript_0245	40.00	827.694663	1000
transcript_0183	39.00	807.002297	1000
transcript_0576	39.00	807.002297	1000
transcript_0346	39.00	807.002297	1000
transcript_0613	39.00	807.002297	1000
transcript_0567	39.00	807.002297	1000
transcript_0295	38.00	786.309930	1000
transcript_0192	38.00	786.309930	1000
transcript_0475	38.00	786.309930	1000
transcript_0489	38.00	786.309930	1000
transcript_0256	38.00	786.309930	1000
transcript_0656	37.00	765.617564	1000
transcript_0603	37.00	765.617564	1000
transcript_0842	37.00	765.617564	1000
transcript_0781	37.00	765.617564	1000
transcript_0143	37.00	765.617564	1000
transcript_0550	36.00	744.925197	1000
transcript_0589	36.00	744.925197	1000
transcript_0485	36.00	744.925197	1000
transcript_0193	36.00	744.925197	1000
transcript_0096	36.00	744.925197	1000
transcript_0431	36.00	744.925197	1000
transcript_0969	35.00	724.232831	1000
transcript_0137	35.00	724.232831	1000
transcript_0843	35.00	724.232831	1000
transcript_0521	35.00	724.232831	1000
transcript_0109	35.00	724.232831	1000
transcript_0496	35.00	724.232831	1000
transcript_0684	35.00	724.232831	1000
transcript_0645	35.00	724.232831	1000
transcript_0917	34.00	703.540464	1000
transcript_0771	34.00	703.540464	1000
transcript_0962	34.00	703.540464	1000
transcript_0872	34.00	703.540464	1000
transcript_0505	34.00	703.540464	1000
transcript_0911	34.00	703.540464	1000
transcript_0312	34.00	703.540464	1000
transcript_0636	34.00	703.540464	1000
transcript_0943	33.00	682.848097	1000
transcript_0053	33.00	682.848097	1000
transcript_0862	33.00	682.848097	1000
transcript_0564	33.00	682.848097	1000
transcript_0541	33.00	682.848097	1000
transcript_0391	33.00	682.848097	1000
transcript_0897	33.00	682.848097	1000
transcript_0421	33.00	682.848097	1000
transcript_0278	33.00	682.848097	1000
transcript_0528	33.00	682.848097	1000
transcript_0586	33.00	682.848097	1000
transcript_0954	32.00	662.155731	1000
transcript_0665	32.00	662.155731	1000
transcript_0344	32.00	662.155731	1000
transcript_0513	32.00	662.155731	1000
transcript_0361	32.00	662.155731	1000
transcript_0632	32.00	662.155731	1000
transcript_0852	32.00	662.155731	1000
transcript_0956	32.00	662.155731	1000
transcript_0757	32.00	662.155731	1000
transcript_0237	32.00	662.155731	1000
transcript_0405	31.00	641.463364	1000
transcript_0816	31.00	641.463364	1000
transcript_0829	31.00	641.463364	1000
transcript_0587	31.00	641.463364	1000
transcript_0716	31.00	641.463364	1000
transcript_0713	31.00	641.463364	1000
transcript_0886	31.00	641.463364	1000
transcript_0991	31.00	641.463364	1000
transcript_0657	30.00	620.770998	1000
transcript_0398	30.00	620.770998	1000
transcript_0869	29.00	600.078631	1000
transcript_0704	29.00	600.078631	1000
transcript_0351	29.00	600.078631	1000
transcript_0938	29.00	600.078631	1000
transcript_0543	29.00	600.078631	1000
transcript_0026	29.00	600.078631	1000
transcript_0326	29.00	600.078631	1000
transcript_0285	29.00	600.078631	1000
transcript_0279	29.00	600.078631	1000
transcript_0904	29.00	600.078631	1000
transcript_0185	29.00	600.078631	1000
transcript_0511	28.00	579.386264	1000
transcript_0699	28.00	579.386264	1000
transcript_0494	28.00	579.386264	1000
transcript_0767	28.00	579.386264	1000
transcript_0931	28.00	579.386264	1000
transcript_0602	28.00	579.386264	1000
transcript_0388	28.00	579.386264	1000
transcript_0116	28.00	579.386264	1000
transcript_0034	28.00	579.386264	1000
transcript_0198	28.00	579.386264	1000
transcript_0181	27.00	558.693898	1000
transcript_0352	27.00	558.693898	1000
transcript_0305	27.00	558.693898	1000
transcript_0639	26.00	538.001531	1000
transcript_0091	26.00	538.001531	1000
transcript_0443	26.00	538.001531	1000
transcript_0230	26.00	538.001531	1000
transcript_0945	26.00	538.001531	1000
transcript_0316	26.00	538.001531	1000
transcript_0578	26.00	538.001531	1000
transcript_0420	26.00	538.001531	1000
transcript_0689	25.00	517.309165	1000
transcript_0269	25.00	517.309165	1000
transcript_0015	25.00	517.309165	1000
transcript_0393	25.00	517.309165	1000
transcript_0817	25.00	517.309165	1000
transcript_0208	24.00	496.616798	1000
transcript_0004	24.00	496.616798	1000
transcript_0021	24.00	496.616798	1000
transcript_0337	24.00	496.616798	1000
transcript_0180	24.00	496.616798	1000
transcript_0378	24.00	496.616798	1000
transcript_0554	24.00	496.616798	1000
transcript_0605	24.00	496.616798	1000
transcript_0246	24.00	496.616798	1000
transcript_0661	24.00	496.616798	1000
transcript_0964	24.00	496.616798	1000
transcript_0167	24.00	496.616798	1000
transcript_0225	23.00	475.924431	1000
transcript_0262	23.00	475.924431	1000
transcript_0094	23.00	475.924431	1000
transcript_0389	23.00	475.924431	1000
transcript_0434	23.00	475.924431	1000
transcript_0163	23.00	475.924431	1000
transcript_0313	23.00	475.924431	1000
transcript_0664	23.00	475.924431	1000
transcript_0385	23.00	475.924431	1000
transcript_0805	23.00	475.924431	1000
transcript_0396	23.00	475.924431	1000
transcript_0640	22.00	455.232065	1000
transcript_0546	22.00	455.232065	1000
transcript_0149	22.00	455.232065	1000
transcript_0287	22.00	455.232065	1000
transcript_0719	22.00	455.232065	1000
transcript_0304	22.00	455.232065	1000
transcript_0481	22.00	455.232065	1000
transcript_0692	22.00	455.232065	1000
transcript_0622	22.00	455.232065	1000
transcript_0392	22.00	455.232065	1000
transcript_0345	22.00	455.232065	1000
transcript_0515	22.00	455.232065	1000
transcript_0199	21.00	434.539698	1000
transcript_0358	21.00	434.539698	1000
transcript_0261	21.00	434.539698	1000
transcript_0209	21.00	434.539698	1000
transcript_0379	21.00	434.539698	1000
transcript_0947	21.00	434.539698	1000
transcript_0383	21.00	434.539698	1000
transcript_0433	21.00	434.539698	1000
transcript_0290	21.00	434.539698	1000
transcript_0779	21.00	434.539698	1000
transcript_0039	21.00	434.539698	1000
transcript_0343	21.00	434.539698	1000
transcript_0113	20.00	413.847332	1000
transcript_0619	20.00	413.847332	1000
transcript_0647	20.00	413.847332	1000
transcript_0865	20.00	413.847332	1000
transcript_0417	20.00	413.847332	1000
transcript_0953	20.00	413.847332	1000
transcript_0441	20.00	413.847332	1000
transcript_0712	20.00	413.847332	1000
transcript_0164	20.00	413.847332	1000
transcript_0050	20.00	413.847332	1000
transcript_0628	19.00	393.154965	1000
transcript_0186	19.00	393.154965	1000
transcript_0727	19.00	393.154965	1000
transcript_0248	19.00	393.154965	1000
transcript_0627	19.00	393.154965	1000
transcript_0802	19.00	393.154965	1000
transcript_0340	19.00	393.154965	1000
transcript_0195	19.00	393.154965	1000
transcript_0132	19.00	393.154965	1000
transcript_0244	19.00	393.154965	1000
transcript_0509	19.00	393.154965	1000
transcript_0522	19.00	393.154965	1000
transcript_0497	19.00	393.154965	1000
transcript_0187	19.00	393.154965	1000
transcript_0020	18.00	372.462599	1000
transcript_0216	18.00	372.462599	1000
transcript_0429	18.00	372.462599	1000
transcript_0464	18.00	372.462599	1000
transcript_0960	18.00	372.462599	1000
transcript_0758	18.00	372.462599	1000
transcript_0363	18.00	372.462599	1000
transcript_0631	18.00	372.462599	1000
transcript_0130	18.00	372.462599	1000
transcript_0580	18.00	372.462599	1000
transcript_0518	17.00	351.770232	1000
transcript_0590	17.00	351.770232	1000
transcript_0314	17.00	351.770232	1000
transcript_0533	17.00	351.770232	1000
transcript_0815	17.00	351.770232	1000
transcript_0530	17.00	351.770232	1000
transcript_0840	17.00	351.770232	1000
transcript_0253	17.00	351.770232	1000
transcript_0996	17.00	351.770232	1000
transcript_0055	17.00	351.770232	1000
transcript_0054	17.00	351.770232	1000
transcript_0459	17.00	351.770232	1000
transcript_0158	17.00	351.770232	1000
transcript_0486	17.00	351.770232	1000
transcript_0711	17.00	351.770232	1000
transcript_0777	17.00	351.770232	1000
transcript_0601	17.00	351.770232	1000
transcript_0651	16.00	331.077865	1000
transcript_0837	16.00	331.077865	1000
transcript_0514	16.00	331.077865	1000
transcript_0789	16.00	331.077865	1000
transcript_0348	16.00	331.077865	1000
transcript_0976	16.00	331.077865	1000
transcript_0142	16.00	331.077865	1000
transcript_0575	16.00	331.077865	1000
transcript_0458	16.00	331.077865	1000
transcript_0784	16.00	331.077865	1000
transcript_0124	16.00	331.077865	1000
transcript_0286	16.00	331.077865	1000
transcript_0403	16.00	331.077865	1000
transcript_0845	16.00	331.077865	1000
transcript_0043	15.00	310.385499	1000
transcript_0607	15.00	310.385499	1000
transcript_0214	15.00	310.385499	1000
transcript_0242	15.00	310.385499	1000
transcript_0592	15.00	310.385499	1000
transcript_0783	15.00	310.385499	1000
transcript_0169	15.00	310.385499	1000
transcript_0545	15.00	310.385499	1000
transcript_0563	15.00	310.385499	1000
transcript_0941	14.00	289.693132	1000
transcript_0306	14.00	289.693132	1000
transcript_0856	14.00	289.693132	1000
transcript_0824	14.00	289.693132	1000
transcript_0006	14.00	289.693132	1000
transcript_0265	14.00	289.693132	1000
transcript_0427	14.00	289.693132	1000
transcript_0729	14.00	289.693132	1000
transcript_0642	14.00	289.693132	1000
transcript_0178	14.00	289.693132	1000
transcript_0293	14.00	289.693132	1000
transcript_0879	14.00	289.693132	1000
transcript_0442	14.00	289.693132	1000
transcript_0324	14.00	289.693132	1000
transcript_0827	13.00	269.000766	1000
transcript_0890	13.00	269.000766	1000
transcript_0635	13.00	269.000766	1000
transcript_0356	13.00	269.000766	1000
transcript_0768	13.00	269.000766	1000
transcript_0424	13.00	269.000766	1000
transcript_0615	13.00	269.000766	1000
transcript_0863	13.00	269.000766	1000
transcript_0591	13.00	269.000766	1000
transcript_0925	13.00	269.000766	1000
transcript_0641	13.00	269.000766	1000
transcript_0155	13.00	269.000766	1000
transcript_0112	13.00	269.000766	1000
transcript_0281	13.00	269.000766	1000
transcript_0336	13.00	269.000766	1000
transcript_0360	13.00	269.000766	1000
transcript_0238	13.00	269.000766	1000
transcript_0696	13.00	269.000766	1000
transcript_0746	13.00	269.000766	1000
transcript_0257	13.00	269.000766	1000
transcript_0655	13.00	269.000766	1000
transcript_0868	13.00	269.000766	1000
transcript_0105	13.00	269.000766	1000
transcript_0820	13.00	269.000766	1000
transcript_0544	12.00	248.308399	1000
transcript_0813	12.00	248.308399	1000
transcript_0099	12.00	248.308399	1000
transcript_0740	12.00	248.308399	1000
transcript_0145	12.00	248.308399	1000
transcript_0705	12.00	248.308399	1000
transcript_0524	12.00	248.308399	1000
transcript_0499	12.00	248.308399	1000
transcript_0527	12.00	248.308399	1000
transcript_0449	12.00	248.308399	1000
transcript_0478	12.00	248.308399	1000
transcript_0339	12.00	248.308399	1000
transcript_0249	12.00	248.308399	1000
transcript_0472	12.00	248.308399	1000
transcript_0807	12.00	248.308399	1000
transcript_0555	12.00	248.308399	1000
transcript_0633	12.00	248.308399	1000
transcript_0466	12.00	248.308399	1000
transcript_0625	12.00	248.308399	1000
transcript_0803	12.00	248.308399	1000
transcript_0001	12.00	248.308399	1000
transcript_0111	12.00	248.308399	1000
transcript_0085	12.00	248.308399	1000
transcript_0611	11.00	227.616032	1000
transcript_0201	11.00	227.616032	1000
transcript_0648	11.00	227.616032	1000
transcript_0882	11.00	227.616032	1000
transcript_0523	11.00	227.616032	1000
transcript_0048	11.00	227.616032	1000
transcript_0418	11.00	227.616032	1000
transcript_0045	11.00	227.616032	1000
transcript_0630	11.00	227.616032	1000
transcript_0724	11.00	227.616032	1000
transcript_0276	11.00	227.616032	1000
transcript_0150	11.00	227.616032	1000
transcript_0572	11.00	227.616032	1000
transcript_0221	11.00	227.616032	1000
transcript_0416	11.00	227.616032	1000
transcript_0708	11.00	227.616032	1000
transcript_0394	11.00	227.616032	1000
transcript_0114	11.00	227.616032	1000
transcript_0923	11.00	227.616032	1000
transcript_0685	11.00	227.616032	1000
transcript_0739	11.00	227.616032	1000
transcript_0107	11.00	227.616032	1000
transcript_0231	11.00	227.616032	1000
transcript_0422	11.00	227.616032	1000
transcript_0409	11.00	227.616032	1000
transcript_0331	11.00	227.616032	1000
transcript_0697	10.00	206.923666	1000
transcript_0267	10.00	206.923666	1000
transcript_0893	10.00	206.923666	1000
transcript_0828	10.00	206.923666	1000
transcript_0672	10.00	206.923666	1000
transcript_0303	10.00	206.923666	1000
transcript_0558	10.00	206.923666	1000
transcript_0473	10.00	206.923666	1000
transcript_0825	10.00	206.923666	1000
transcript_0741	10.00	206.923666	1000
transcript_0659	10.00	206.923666	1000
transcript_0752	10.00	206.923666	1000
transcript_0861	10.00	206.923666	1000
transcript_0042	10.00	206.923666	1000
transcript_0763	10.00	206.923666	1000
transcript_0688	10.00	206.923666	1000
transcript_0159	10.00	206.923666	1000
transcript_0998	10.00	206.923666	1000
transcript_0479	10.00	206.923666	1000
transcript_0958	10.00	206.923666	1000
transcript_0002	10.00	206.923666	1000
transcript_0332	10.00	206.923666	1000
transcript_0912	9.00	186.231299	1000
transcript_0562	9.00	186.231299	1000
transcript_0347	9.00	186.231299	1000
transcript_0823	9.00	186.231299	1000
transcript_0122	9.00	186.231299	1000
transcript_0118	9.00	186.231299	1000
transcript_0151	9.00	186.231299	1000
transcript_0839	9.00	186.231299	1000
transcript_0217	9.00	186.231299	1000
transcript_0946	9.00	186.231299	1000
transcript_0913	9.00	186.231299	1000
transcript_0571	9.00	186.231299	1000
transcript_0504	9.00	186.231299	1000
transcript_0437	9.00	186.231299	1000
transcript_0876	9.00	186.231299	1000
transcript_0698	9.00	186.231299	1000
transcript_0369	9.00	186.231299	1000
transcript_0144	9.00	186.231299	1000
transcript_0017	9.00	186.231299	1000
transcript_0080	9.00	186.231299	1000
transcript_0490	9.00	186.231299	1000
transcript_0146	9.00	186.231299	1000
transcript_0135	9.00	186.231299	1000
transcript_0000	9.00	186.231299	1000
transcript_0364	9.00	186.231299	1000
transcript_0037	9.00	186.231299	1000
transcript_0204	9.00	186.231299	1000
transcript_0970	9.00	186.231299	1000
transcript_0069	9.00	186.231299	1000
transcript_0599	9.00	186.231299	1000
transcript_0024	8.00	165.538933	1000
transcript_0701	8.00	165.538933	1000
transcript_0058	8.00	165.538933	1000
transcript_0327	8.00	165.538933	1000
transcript_0289	8.00	165.538933	1000
transcript_0694	8.00	165.538933	1000
transcript_0966	8.00	165.538933	1000
transcript_0887	8.00	165.538933	1000
transcript_0283	8.00	165.538933	1000
transcript_0650	8.00	165.538933	1000
transcript_0608	8.00	165.538933	1000
transcript_0896	8.00	165.538933	1000
transcript_0411	8.00	165.538933	1000
transcript_0910	8.00	165.538933	1000
transcript_0467	8.00	165.538933	1000
transcript_0899	8.00	165.538933	1000
transcript_0548	8.00	165.538933	1000
transcript_0387	8.00	165.538933	1000
transcript_0928	8.00	165.538933	1000
transcript_0921	8.00	165.538933	1000
transcript_0211	8.00	165.538933	1000
transcript_0871	8.00	165.538933	1000
transcript_0573	8.00	165.538933	1000
transcript_0177	8.00	165.538933	1000
transcript_0100	8.00	165.538933	1000
transcript_0089	8.00	165.538933	1000
transcript_0492	8.00	165.538933	1000
transcript_0457	8.00	165.538933	1000
transcript_0799	8.00	165.538933	1000
transcript_0520	8.00	165.538933	1000
transcript_0902	8.00	165.538933	1000
transcript_0681	8.00	165.538933	1000
transcript_0819	8.00	165.538933	1000
transcript_0703	8.00	165.538933	1000
transcript_0762	7.00	144.846566	1000
transcript_0963	7.00	144.846566	1000
transcript_0519	7.00	144.846566	1000
transcript_0644	7.00	144.846566	1000
transcript_0939	7.00	144.846566	1000
transcript_0450	7.00	144.846566	1000
transcript_0011	7.00	144.846566	1000
transcript_0210	7.00	144.846566	1000
transcript_0274	7.00	144.846566	1000
transcript_0136	7.00	144.846566	1000
transcript_0695	7.00	144.846566	1000
transcript_0160	7.00	144.846566	1000
transcript_0157	7.00	144.846566	1000
transcript_0500	7.00	144.846566	1000
transcript_0268	7.00	144.846566	1000
transcript_0430	7.00	144.846566	1000
transcript_0848	7.00	144.846566	1000
transcript_0399	7.00	144.846566	1000
transcript_0502	7.00	144.846566	1000
transcript_0638	7.00	144.846566	1000
transcript_0985	7.00	144.846566	1000
transcript_0407	7.00	144.846566	1000
transcript_0706	7.00	144.846566	1000
transcript_0782	7.00	144.846566	1000
transcript_0275	7.00	144.846566	1000
transcript_0539	7.00	144.846566	1000
transcript_0495	7.00	144.846566	1000
transcript_0119	7.00	144.846566	1000
transcript_0474	7.00	144.846566	1000
transcript_0569	7.00	144.846566	1000
transcript_0040	7.00	144.846566	1000
transcript_0366	7.00	144.846566	1000
transcript_0720	7.00	144.846566	1000
transcript_0413	6.00	124.154200	1000
transcript_0460	6.00	124.154200	1000
transcript_0832	6.00	124.154200	1000
transcript_0294	6.00	124.154200	1000
transcript_0849	6.00	124.154200	1000
transcript_0722	6.00	124.154200	1000
transcript_0858	6.00	124.154200	1000
transcript_0501	6.00	124.154200	1000
transcript_0375	6.00	124.154200	1000
transcript_0526	6.00	124.154200	1000
transcript_0444	6.00	124.154200	1000
transcript_0469	6.00	124.154200	1000
transcript_0232	6.00	124.154200	1000
transcript_0667	6.00	124.154200	1000
transcript_0218	6.00	124.154200	1000
transcript_0439	6.00	124.154200	1000
transcript_0081	6.00	124.154200	1000
transcript_0743	6.00	124.154200	1000
transcript_0682	6.00	124.154200	1000
transcript_0062	6.00	124.154200	1000
transcript_0127	6.00	124.154200	1000
transcript_0649	6.00	124.154200	1000
transcript_0756	6.00	124.154200	1000
transcript_0826	6.00	124.154200	1000
transcript_0937	6.00	124.154200	1000
transcript_0206	6.00	124.154200	1000
transcript_0671	6.00	124.154200	1000
transcript_0322	6.00	124.154200	1000
transcript_0044	6.00	124.154200	1000
transcript_0194	6.00	124.154200	1000
transcript_0028	6.00	124.154200	1000
transcript_0836	6.00	124.154200	1000
transcript_0335	6.00	124.154200	1000
transcript_0919	6.00	124.154200	1000
transcript_0259	6.00	124.154200	1000
transcript_0436	5.00	103.461833	1000
transcript_0235	5.00	103.461833	1000
transcript_0950	5.00	103.461833	1000
transcript_0087	5.00	103.461833	1000
transcript_0742	5.00	103.461833	1000
transcript_0016	5.00	103.461833	1000
transcript_0152	5.00	103.461833	1000
transcript_0365	5.00	103.461833	1000
transcript_0371	5.00	103.461833	1000
transcript_0320	5.00	103.461833	1000
transcript_0018	5.00	103.461833	1000
transcript_0182	5.00	103.461833	1000
transcript_0189	5.00	103.461833	1000
transcript_0250	5.00	103.461833	1000
transcript_0386	5.00	103.461833	1000
transcript_0252	5.00	103.461833	1000
transcript_0626	5.00	103.461833	1000
transcript_0652	5.00	103.461833	1000
transcript_0754	5.00	103.461833	1000
transcript_0994	5.00	103.461833	1000
transcript_0005	5.00	103.461833	1000
transcript_0973	5.00	103.461833	1000
transcript_0927	5.00	103.461833	1000
transcript_0915	5.00	103.461833	1000
transcript_0503	5.00	103.461833	1000
transcript_0669	5.00	103.461833	1000
transcript_0983	5.00	103.461833	1000
transcript_0092	5.00	103.461833	1000
transcript_0560	5.00	103.461833	1000
transcript_0906	5.00	103.461833	1000
transcript_0594	5.00	103.461833	1000
transcript_0616	5.00	103.461833	1000
transcript_0693	5.00	103.461833	1000
transcript_0867	5.00	103.461833	1000
transcript_0117	5.00	103.461833	1000
transcript_0025	4.00	82.769466	1000
transcript_0942	4.00	82.769466	1000
transcript_0795	4.00	82.769466	1000
transcript_0311	4.00	82.769466	1000
transcript_0718	4.00	82.769466	1000
transcript_0531	4.00	82.769466	1000
transcript_0654	4.00	82.769466	1000
transcript_0064	4.00	82.769466	1000
transcript_0075	4.00	82.769466	1000
transcript_0120	4.00	82.769466	1000
transcript_0535	4.00	82.769466	1000
transcript_0440	4.00	82.769466	1000
transcript_0637	4.00	82.769466	1000
transcript_0031	4.00	82.769466	1000
transcript_0834	4.00	82.769466	1000
transcript_0046	4.00	82.769466	1000
transcript_0236	4.00	82.769466	1000
transcript_0854	4.00	82.769466	1000
transcript_0012	4.00	82.769466	1000
transcript_0057	4.00	82.769466	1000
transcript_0415	4.00	82.769466	1000
transcript_0153	4.00	82.769466	1000
transcript_0989	4.00	82.769466	1000
transcript_0129	4.00	82.769466	1000
transcript_0881	4.00	82.769466	1000
transcript_0736	4.00	82.769466	1000
transcript_0049	4.00	82.769466	1000
transcript_0621	4.00	82.769466	1000
transcript_0083	4.00	82.769466	1000
transcript_0498	4.00	82.769466	1000
transcript_0585	4.00	82.769466	1000
transcript_0597	4.00	82.769466	1000
transcript_0003	4.00	82.769466	1000
transcript_0620	3.00	62.077100	1000
transcript_0926	3.00	62.077100	1000
transcript_0677	3.00	62.077100	1000
transcript_0455	3.00	62.077100	1000
transcript_0233	3.00	62.077100	1000
transcript_0870	3.00	62.077100	1000
transcript_0614	3.00	62.077100	1000
transcript_0683	3.00	62.077100	1000
transcript_0038	3.00	62.077100	1000
transcript_0974	3.00	62.077100	1000
transcript_0821	3.00	62.077100	1000
transcript_0707	3.00	62.077100	1000
transcript_0102	3.00	62.077100	1000
transcript_0715	3.00	62.077100	1000
transcript_0984	3.00	62.077100	1000
transcript_0936	3.00	62.077100	1000
transcript_0435	3.00	62.077100	1000
transcript_0203	3.00	62.077100	1000
transcript_0098	3.00	62.077100	1000
transcript_0512	3.00	62.077100	1000
transcript_0780	3.00	62.077100	1000
transcript_0930	3.00	62.077100	1000
transcript_0133	3.00	62.077100	1000
transcript_0302	3.00	62.077100	1000
transcript_0300	3.00	62.077100	1000
transcript_0414	3.00	62.077100	1000
transcript_0070	3.00	62.077100	1000
transcript_0835	3.00	62.077100	1000
transcript_0755	3.00	62.077100	1000
transcript_0307	3.00	62.077100	1000
transcript_0794	3.00	62.077100	1000
transcript_0553	3.00	62.077100	1000
transcript_0583	3.00	62.077100	1000
transcript_0579	3.00	62.077100	1000
transcript_0658	3.00	62.077100	1000
transcript_0196	3.00	62.077100	1000
transcript_0041	3.00	62.077100	1000
transcript_0148	3.00	62.077100	1000
transcript_0140	3.00	62.077100	1000
transcript_0191	3.00	62.077100	1000
transcript_0536	3.00	62.077100	1000
transcript_0175	3.00	62.077100	1000
transcript_0419	2.00	41.384733	1000
transcript_0165	2.00	41.384733	1000
transcript_0506	2.00	41.384733	1000
transcript_0687	2.00	41.384733	1000
transcript_0709	2.00	41.384733	1000
transcript_0355	2.00	41.384733	1000
transcript_0456	2.00	41.384733	1000
transcript_0095	2.00	41.384733	1000
transcript_0770	2.00	41.384733	1000
transcript_0076	2.00	41.384733	1000
transcript_0761	2.00	41.384733	1000
transcript_0219	2.00	41.384733	1000
transcript_0612	2.00	41.384733	1000
transcript_0859	2.00	41.384733	1000
transcript_0909	2.00	41.384733	1000
transcript_0359	2.00	41.384733	1000
transcript_0857	2.00	41.384733	1000
transcript_0068	2.00	41.384733	1000
transcript_0538	2.00	41.384733	1000
transcript_0797	2.00	41.384733	1000
transcript_0010	2.00	41.384733	1000
transcript_0804	2.00	41.384733	1000
transcript_0851	2.00	41.384733	1000
transcript_0765	2.00	41.384733	1000
transcript_0806	2.00	41.384733	1000
transcript_0908	2.00	41.384733	1000
transcript_0995	2.00	41.384733	1000
transcript_0932	2.00	41.384733	1000
transcript_0310	2.00	41.384733	1000
transcript_0023	2.00	41.384733	1000
transcript_0227	2.00	41.384733	1000
transcript_0308	2.00	41.384733	1000
transcript_0907	2.00	41.384733	1000
transcript_0390	2.00	41.384733	1000
transcript_0156	2.00	41.384733	1000
transcript_0357	2.00	41.384733	1000
transcript_0406	2.00	41.384733	1000
transcript_0207	2.00	41.384733	1000
transcript_0529	2.00	41.384733	1000
transcript_0060	2.00	41.384733	1000
transcript_0395	2.00	41.384733	1000
transcript_0084	2.00	41.384733	1000
transcript_0922	2.00	41.384733	1000
transcript_0027	2.00	41.384733	1000
transcript_0197	2.00	41.384733	1000
transcript_0916	2.00	41.384733	1000
transcript_0372	2.00	41.384733	1000
transcript_0735	2.00	41.384733	1000
transcript_0676	2.00	41.384733	1000
transcript_0066	1.00	20.692367	1000
transcript_0318	1.00	20.692367	1000
transcript_0350	1.00	20.692367	1000
transcript_0296	1.00	20.692367	1000
transcript_0423	1.00	20.692367	1000
transcript_0968	1.00	20.692367	1000
transcript_0465	1.00	20.692367	1000
transcript_0381	1.00	20.692367	1000
transcript_0728	1.00	20.692367	1000
transcript_0751	1.00	20.692367	1000
transcript_0254	1.00	20.692367	1000
transcript_0222	1.00	20.692367	1000
transcript_0982	1.00	20.692367	1000
transcript_0588	1.00	20.692367	1000
transcript_0263	1.00	20.692367	1000
transcript_0905	1.00	20.692367	1000
transcript_0798	1.00	20.692367	1000
transcript_0792	1.00	20.692367	1000
transcript_0951	1.00	20.692367	1000
transcript_0971	1.00	20.692367	1000
transcript_0577	1.00	20.692367	1000
transcript_0800	1.00	20.692367	1000
transcript_0731	1.00	20.692367	1000
transcript_0229	1.00	20.692367	1000
transcript_0992	1.00	20.692367	1000
transcript_0796	1.00	20.692367	1000
transcript_0733	1.00	20.692367	1000
transcript_0341	1.00	20.692367	1000
transcript_0212	1.00	20.692367	1000
transcript_0747	1.00	20.692367	1000
transcript_0935	1.00	20.692367	1000
transcript_0888	1.00	20.692367	1000
transcript_0593	1.00	20.692367	1000
transcript_0315	1.00	20.692367	1000
transcript_0451	1.00	20.692367	1000
transcript_0007	1.00	20.692367	1000
transcript_0629	1.00	20.692367	1000
transcript_0551	1.00	20.692367	1000
transcript_0271	1.00	20.692367	1000
transcript_0382	1.00	20.692367	1000
transcript_0032	1.00	20.692367	1000
transcript_0801	1.00	20.692367	1000
transcript_0944	1.00	20.692367	1000
transcript_0668	1.00	20.692367	1000
transcript_0036	1.00	20.692367	1000
transcript_0030	1.00	20.692367	1000
transcript_0561	1.00	20.692367	1000
transcript_0895	1.00	20.692367	1000
transcript_0559	1.00	20.692367	1000
transcript_0634	1.00	20.692367	1000
transcript_0448	1.00	20.692367	1000
transcript_0663	1.00	20.692367	1000
transcript_0432	1.00	20.692367	1000
transcript_0226	1.00	20.692367	1000
transcript_0540	1.00	20.692367	1000
transcript_0959	1.00	20.692367	1000
transcript_0547	0.00	0.000000	1000
transcript_0483	0.00	0.000000	1000
transcript_0750	0.00	0.000000	1000
transcript_0566	0.00	0.000000	1000
transcript_0052	0.00	0.000000	1000
transcript_0847	0.00	0.000000	1000
transcript_0482	0.00	0.000000	1000
transcript_0525	0.00	0.000000	1000
transcript_0596	0.00	0.000000	1000
transcript_0604	0.00	0.000000	1000
transcript_0362	0.00	0.000000	1000
transcript_0126	0.00	0.000000	1000
transcript_0330	0.00	0.000000	1000
transcript_0940	0.00	0.000000	1000
transcript_0730	0.00	0.000000	1000
transcript_0552	0.00	0.000000	1000
transcript_0154	0.00	0.000000	1000
transcript_0297	0.00	0.000000	1000
transcript_0568	0.00	0.000000	1000
transcript_0662	0.00	0.000000	1000
transcript_0726	0.00	0.000000	1000
transcript_0476	0.00	0.000000	1000
transcript_0121	0.00	0.000000	1000
transcript_0342	0.00	0.000000	1000
transcript_0808	0.00	0.000000	1000
transcript_0270	0.00	0.000000	1000
transcript_0323	0.00	0.000000	1000
