gene_id	control_mean	treatment_mean	log2_fold_change	p_value	adjusted_p_value	significant
GENE_00001	138.467454	417.670217	1.585886	1.31e-2	7.48e-2	false
GENE_00002	81.288552	335.530279	2.031973	3.38e-3	2.83e-2	true
GENE_00003	165.433666	740.769551	2.156024	1.41e-3	2.00e-2	true
GENE_00004	32.640307	149.826006	2.164622	1.34e-4	5.76e-3	true
GENE_00005	108.540265	530.577967	2.278820	1.75e-3	2.16e-2	true
GENE_00006	90.931687	342.379864	1.901171	1.43e-2	7.97e-2	false
GENE_00007	875.935766	4991.133094	2.509113	7.21e-3	4.69e-2	true
GENE_00008	7.332544	31.236137	1.951850	8.61e-3	5.41e-2	false
GENE_00009	184.906541	1066.630124	2.521762	1.55e-3	2.08e-2	true
GENE_00010	21.294963	107.200333	2.278915	4.16e-3	3.22e-2	true
GENE_00011	69.005172	375.868384	2.428527	1.82e-3	2.16e-2	true
GENE_00012	5.719729	30.779486	2.241621	7.72e-5	5.16e-3	true
GENE_00013	185.890597	563.264005	1.594176	1.83e-2	9.40e-2	false
GENE_00014	263.146946	1545.420130	2.549520	1.05e-2	6.38e-2	false
GENE_00015	122.007745	576.636616	2.231413	6.04e-3	4.18e-2	true
GENE_00016	129.945227	1173.108818	3.164531	1.42e-2	7.97e-2	false
GENE_00017	74.739039	369.367418	2.289848	1.52e-2	8.28e-2	false
GENE_00018	94.670368	479.851140	2.329446	4.20e-3	3.22e-2	true
GENE_00019	151.407812	932.022395	2.613975	2.87e-3	2.55e-2	true
GENE_00020	40.303603	257.571428	2.646223	4.15e-3	3.22e-2	true
GENE_00021	94.762320	397.657949	2.057621	6.99e-3	4.65e-2	true
GENE_00022	63.709104	330.618206	2.357483	3.26e-2	1.52e-1	false
GENE_00023	19.945289	132.150873	2.668364	1.16e-2	6.91e-2	false
GENE_00024	408.210013	2073.349177	2.341745	2.79e-3	2.55e-2	true
GENE_00025	741.761739	2527.361631	1.767231	2.61e-2	1.26e-1	false
GENE_00026	172.629881	647.035357	1.900057	2.43e-3	2.47e-2	true
GENE_00027	48.445596	270.747723	2.458354	7.60e-3	4.88e-2	true
GENE_00028	36.410502	163.458330	2.136207	3.04e-4	7.65e-3	true
GENE_00029	4.674889	26.081583	2.254648	1.76e-3	2.16e-2	true
GENE_00030	819.596516	5077.623941	2.629693	1.34e-2	7.59e-2	false
GENE_00031	61.656298	214.332466	1.781034	3.81e-3	3.05e-2	true
GENE_00032	35.288300	168.780003	2.226090	2.52e-2	1.22e-1	false
GENE_00033	86.424723	544.426609	2.641272	6.81e-3	4.63e-2	true
GENE_00034	40.498157	231.096878	2.483608	1.18e-3	1.76e-2	true
GENE_00035	249.197873	1544.488462	2.626921	2.14e-3	2.36e-2	true
GENE_00036	12.823319	64.829246	2.251625	2.21e-3	2.40e-2	true
GENE_00037	37.391284	190.459141	2.318186	1.92e-2	9.80e-2	false
GENE_00038	336.233143	1239.659763	1.879289	5.96e-2	2.48e-1	false
GENE_00039	265.325838	1096.380250	2.042799	2.31e-3	2.40e-2	true
GENE_00040	116.334294	695.857180	2.570238	4.29e-2	1.92e-1	false
GENE_00041	6.023957	28.729976	2.081562	1.23e-2	7.24e-2	false
GENE_00042	159.730204	813.375019	2.341052	2.22e-2	1.11e-1	false
GENE_00043	3.191180	18.507753	2.218619	4.19e-2	1.89e-1	false
GENE_00044	188.023500	767.070379	2.022673	1.76e-3	2.16e-2	true
GENE_00045	18.210880	99.915346	2.393150	3.24e-3	2.76e-2	true
GENE_00046	283.294728	981.644021	1.789282	7.50e-2	3.02e-1	false
GENE_00047	268.966031	1356.305402	2.329896	2.07e-3	2.32e-2	true
GENE_00048	19.206454	123.198926	2.619765	4.11e-2	1.87e-1	false
GENE_00049	23.019161	131.926862	2.468375	8.92e-4	1.55e-2	true
GENE_00050	93.861362	433.440841	2.195267	2.30e-2	1.15e-1	false
GENE_00051	159.644381	814.383444	2.343608	2.61e-4	7.62e-3	true
GENE_00052	68.516547	291.297102	2.072007	3.68e-3	3.00e-2	true
GENE_00053	329.228040	1383.844838	2.068190	5.33e-3	3.77e-2	true
GENE_00054	205.350791	1086.425132	2.397745	1.93e-2	9.80e-2	false
GENE_00055	110.167236	485.385306	2.129368	2.82e-3	2.55e-2	true
GENE_00056	3.013717	16.246866	2.103323	2.67e-3	2.54e-2	true
GENE_00057	14.983590	81.747352	2.372122	5.22e-3	3.75e-2	true
GENE_00058	87.006110	505.272781	2.524239	1.82e-2	9.39e-2	false
GENE_00059	37.783417	219.288310	2.505881	2.38e-3	2.45e-2	true
GENE_00060	6.214568	22.215292	1.686091	3.36e-3	2.83e-2	true
GENE_00061	8.558861	33.372273	1.846335	4.11e-3	3.22e-2	true
GENE_00062	1346.007762	4872.272998	1.855133	6.69e-3	4.59e-2	true
GENE_00063	255.487628	1639.534636	2.677205	1.70e-2	8.98e-2	false
GENE_00064	59.881602	319.667648	2.397001	3.43e-3	2.85e-2	true
GENE_00065	352.423732	1251.364995	1.825184	2.60e-2	1.26e-1	false
GENE_00066	309.961065	1588.862033	2.354096	1.71e-2	9.02e-2	false
GENE_00067	14.709739	75.928218	2.291854	1.82e-3	2.16e-2	true
GENE_00068	95.716757	488.875588	2.340578	2.69e-3	2.54e-2	true
GENE_00069	8.609169	46.832724	2.315514	4.66e-3	3.37e-2	true
GENE_00070	1772.545404	7730.473177	2.124107	2.75e-2	1.31e-1	false
GENE_00071	52.019723	308.544778	2.545547	8.59e-3	5.41e-2	false
GENE_00072	7.170286	39.822234	2.320897	5.39e-3	3.78e-2	true
GENE_00073	61.832446	482.328134	2.943421	1.73e-2	9.02e-2	false
GENE_00074	86.239157	408.060147	2.229265	9.36e-3	5.84e-2	false
GENE_00075	22.943234	104.977000	2.146061	1.53e-2	8.28e-2	false
GENE_00076	31.491451	163.204306	2.337360	2.84e-3	2.55e-2	true
GENE_00077	106.023671	474.365212	2.151106	1.31e-2	7.48e-2	false
GENE_00078	15.429856	92.846004	2.513976	4.27e-3	3.22e-2	true
GENE_00079	62.334967	182.742528	1.536611	5.67e-3	3.95e-2	true
GENE_00080	165.928647	1038.122983	2.638063	4.30e-3	3.22e-2	true
GENE_00081	11.539436	73.090621	2.562819	4.11e-5	3.72e-3	true
GENE_00082	8.392689	58.935866	2.673809	2.63e-3	2.54e-2	true
GENE_00083	41.783270	213.745384	2.327508	1.14e-2	6.81e-2	false
GENE_00084	33.494532	151.127463	2.140841	4.60e-2	2.03e-1	false
GENE_00085	821.763324	2611.406727	1.666830	1.25e-2	7.30e-2	false
GENE_00086	3.986117	14.826218	1.666328	5.05e-2	2.18e-1	false
GENE_00087	59.607295	361.368857	2.579896	9.11e-4	1.56e-2	true
GENE_00088	315.870490	1675.763294	2.403714	3.91e-2	1.80e-1	false
GENE_00089	160.898898	736.401572	2.187357	2.62e-3	2.54e-2	true
GENE_00090	61.136683	350.633879	2.500557	1.26e-3	1.84e-2	true
GENE_00091	39.942985	249.502898	2.613139	2.50e-4	7.55e-3	true
GENE_00092	18.005755	117.150770	2.636121	1.34e-4	5.76e-3	true
GENE_00093	35.038593	283.754623	2.982105	4.31e-3	3.22e-2	true
GENE_00094	35.926006	150.064546	2.032456	1.00e-4	5.61e-3	true
GENE_00095	747.626566	3212.846695	2.101983	2.65e-2	1.27e-1	false
GENE_00096	7.983066	38.558063	2.138692	1.27e-2	7.37e-2	false
GENE_00097	2.278111	12.169173	2.006228	1.30e-2	7.48e-2	false
GENE_00098	807.230392	4824.683855	2.577895	1.68e-2	8.94e-2	false
GENE_00099	68.823699	372.534852	2.419454	2.63e-3	2.54e-2	true
GENE_00100	172.106545	937.955785	2.439397	2.23e-2	1.11e-1	false
GENE_00102	40.675572	15.891595	-1.302896	3.11e-3	2.71e-2	true
GENE_00103	36.713988	14.765315	-1.258346	1.21e-4	5.75e-3	true
GENE_00104	57.151579	21.133042	-1.393617	1.05e-4	5.61e-3	true
GENE_00105	485.231609	143.151600	-1.754057	3.36e-6	1.52e-3	true
GENE_00106	452.729322	122.503529	-1.877280	3.63e-3	2.98e-2	true
GENE_00107	44.889574	12.388673	-1.777153	2.00e-4	7.55e-3	true
GENE_00108	93.947438	36.454625	-1.341985	2.69e-5	3.07e-3	true
GENE_00110	52.412303	20.613220	-1.305258	6.95e-3	4.65e-2	true
GENE_00111	132.487899	36.940776	-1.814888	2.23e-3	2.40e-2	true
GENE_00112	141.199398	31.398925	-2.133898	7.34e-6	1.66e-3	true
GENE_00115	25.420218	6.329652	-1.849826	4.52e-5	3.72e-3	true
GENE_00116	76.238978	21.659026	-1.769243	5.13e-6	1.55e-3	true
GENE_00117	140.116280	40.435896	-1.767931	4.97e-4	1.05e-2	true
GENE_00118	46.586934	16.119490	-1.474926	1.57e-3	2.08e-2	true
GENE_00119	41.796060	13.308956	-1.580560	2.07e-2	1.05e-1	false
GENE_00120	125.954934	40.759624	-1.604136	4.47e-3	3.27e-2	true
GENE_00121	46.520442	13.378432	-1.724642	4.41e-3	3.24e-2	true
GENE_00124	44.390462	11.434819	-1.868004	1.18e-3	1.76e-2	true
GENE_00125	1203.592355	430.649999	-1.480611	9.15e-5	5.52e-3	true
GENE_00126	14.734274	4.456413	-1.527886	3.14e-3	2.71e-2	true
GENE_00127	210.584257	45.525669	-2.185133	1.54e-3	2.08e-2	true
GENE_00128	55.057742	19.827143	-1.428449	1.18e-3	1.76e-2	true
GENE_00129	68.317156	20.529203	-1.686918	6.99e-4	1.28e-2	true
GENE_00130	901.447050	262.044458	-1.778536	1.18e-5	1.78e-3	true
GENE_00131	155.583145	57.987066	-1.408458	9.66e-4	1.59e-2	true
GENE_00132	16.437095	4.421806	-1.685314	3.58e-4	8.53e-3	true
GENE_00133	22.874192	7.622575	-1.469261	2.31e-3	2.40e-2	true
GENE_00134	16.604849	4.690237	-1.629412	2.96e-3	2.60e-2	true
GENE_00135	752.290943	235.466657	-1.671570	1.68e-3	2.16e-2	true
GENE_00136	309.670043	104.242846	-1.561661	2.17e-4	7.55e-3	true
GENE_00137	810.542076	187.554997	-2.105681	5.12e-4	1.05e-2	true
GENE_00138	83.816317	26.014182	-1.650625	1.15e-4	5.75e-3	true
GENE_00139	50.032777	8.784487	-2.382856	1.87e-3	2.17e-2	true
GENE_00140	490.012508	140.755905	-1.792351	3.21e-4	7.84e-3	true
GENE_00141	113.311423	45.737880	-1.290305	7.05e-4	1.28e-2	true
GENE_00142	14.501404	3.093164	-1.921111	2.87e-4	7.65e-3	true
GENE_00143	282.526250	68.857276	-2.021000	1.43e-2	7.97e-2	false
GENE_00144	139.773920	51.577935	-1.420851	2.43e-4	7.55e-3	true
GENE_00145	50.942172	15.110568	-1.688899	1.74e-3	2.16e-2	true
GENE_00146	69.914390	21.068138	-1.684114	2.87e-3	2.55e-2	true
GENE_00147	155.925581	52.697854	-1.547144	3.04e-4	7.65e-3	true
GENE_00148	105.816458	20.018621	-2.345394	5.28e-4	1.06e-2	true
GENE_00149	16.180030	4.806480	-1.564997	7.79e-4	1.38e-2	true
GENE_00150	121.599066	53.002751	-1.182843	4.07e-3	3.22e-2	true
GENE_00151	91.381772	30.069560	-1.572106	5.70e-4	1.12e-2	true
GENE_00152	359.276773	110.713345	-1.689304	2.97e-4	7.65e-3	true
GENE_00153	152.629618	57.995109	-1.380789	6.94e-3	4.65e-2	true
GENE_00154	18.397703	5.077480	-1.674341	9.86e-4	1.59e-2	true
GENE_00155	47.690558	19.493973	-1.248442	4.34e-4	9.82e-3	true
GENE_00156	15.482553	4.225421	-1.657321	2.83e-6	1.52e-3	true
GENE_00157	120.857543	37.082794	-1.677984	2.72e-5	3.07e-3	true
GENE_00158	29.507878	7.140523	-1.905988	1.84e-3	2.16e-2	true
GENE_00159	216.218492	85.225279	-1.332964	7.58e-3	4.88e-2	true
GENE_00161	10.427021	2.550748	-1.686255	5.17e-5	3.90e-3	true
GENE_00163	32.743891	11.815019	-1.396791	1.54e-4	6.34e-3	true
GENE_00164	160.905525	61.443172	-1.374536	3.74e-4	8.68e-3	true
GENE_00165	209.004160	53.999935	-1.932916	1.94e-3	2.23e-2	true
GENE_00167	15.573153	4.905883	-1.488623	6.87e-4	1.28e-2	true
GENE_00168	76.649069	19.791179	-1.900997	1.10e-3	1.75e-2	true
GENE_00169	56.654008	17.345248	-1.652014	4.20e-5	3.72e-3	true
GENE_00172	84.933998	21.931637	-1.905890	1.53e-3	2.08e-2	true
GENE_00173	50.291292	20.221371	-1.273196	5.28e-3	3.76e-2	true
GENE_00174	64.443313	19.318895	-1.687424	1.79e-3	2.16e-2	true
GENE_00175	681.406583	146.841296	-2.206582	2.10e-4	7.55e-3	true
GENE_00176	649.817303	154.345727	-2.066770	1.15e-5	1.78e-3	true
GENE_00177	63.640466	11.859785	-2.329571	7.99e-5	5.16e-3	true
GENE_00178	29.337460	7.901515	-1.768977	2.57e-3	2.54e-2	true
GENE_00180	868.582405	321.491236	-1.431063	2.88e-2	1.35e-1	false
GENE_00181	272.153036	66.203421	-2.023103	4.58e-4	1.01e-2	true
GENE_00182	12.217922	2.690901	-1.840450	1.19e-3	1.76e-2	true
GENE_00183	91.507882	27.828339	-1.682089	1.47e-2	8.08e-2	false
GENE_00184	22.183101	4.202485	-2.155801	4.74e-4	1.02e-2	true
GENE_00185	15.978154	4.386612	-1.656229	2.02e-4	7.55e-3	true
GENE_00187	10.457608	2.377839	-1.762133	2.64e-3	2.54e-2	true
GENE_00188	220.692207	63.349429	-1.784559	3.75e-3	3.03e-2	true
GENE_00189	39.753229	6.851914	-2.375798	2.74e-4	7.65e-3	true
GENE_00191	1609.922654	412.571161	-1.961680	2.48e-4	7.55e-3	true
GENE_00192	614.850651	214.161837	-1.517158	2.86e-3	2.55e-2	true
GENE_00193	21.736829	6.946523	-1.516635	4.34e-3	3.22e-2	true
GENE_00194	383.201150	82.029968	-2.210158	5.86e-4	1.13e-2	true
GENE_00195	23.700032	12.467128	-0.875071	1.62e-2	8.75e-2	false
GENE_00197	282.605039	109.005840	-1.366303	9.82e-3	6.05e-2	false
GENE_00198	1054.919140	350.139793	-1.588382	2.26e-4	7.55e-3	true
GENE_00199	744.737225	149.834084	-2.305705	9.80e-4	1.59e-2	true
GENE_00200	15.906225	4.316694	-1.668953	2.08e-3	2.32e-2	true
GENE_00201	27.212668	24.244181	-0.160392	6.34e-1	9.01e-1	false
GENE_00202	316.360362	226.200152	-0.482158	1.17e-2	6.93e-2	false
GENE_00203	60.407139	72.243005	0.254285	3.96e-1	7.85e-1	false
GENE_00204	41.983603	45.492109	0.113199	7.22e-1	9.27e-1	false
GENE_00205	12.409969	13.044054	0.066654	7.49e-1	9.29e-1	false
GENE_00206	80.650183	88.644905	0.134765	3.92e-1	7.83e-1	false
GENE_00207	74.472640	79.835764	0.099040	7.41e-1	9.27e-1	false
GENE_00208	201.020459	243.356927	0.274489	4.34e-1	7.99e-1	false
GENE_00209	144.848577	149.990020	0.049982	7.87e-1	9.45e-1	false
GENE_00210	50.664939	59.381604	0.224924	4.13e-1	7.93e-1	false
GENE_00211	99.601783	107.439956	0.108241	7.59e-1	9.34e-1	false
GENE_00212	107.744950	137.868069	0.352767	1.83e-1	5.41e-1	false
GENE_00213	85.875049	81.955447	-0.066605	7.00e-1	9.27e-1	false
GENE_00214	13.159857	15.039842	0.179853	4.40e-1	8.00e-1	false
GENE_00215	126.169283	115.337080	-0.128439	5.00e-1	8.26e-1	false
GENE_00216	151.928280	186.843241	0.296674	2.86e-1	6.77e-1	false
GENE_00217	10.752210	9.677365	-0.138376	5.80e-1	8.70e-1	false
GENE_00218	185.268864	169.338216	-0.128984	6.38e-1	9.01e-1	false
GENE_00219	25.514892	29.788401	0.215584	4.78e-1	8.14e-1	false
GENE_00220	66.344319	90.471668	0.441769	2.14e-1	5.90e-1	false
GENE_00221	511.675916	404.038766	-0.339987	2.54e-1	6.50e-1	false
GENE_00222	57.714058	42.985437	-0.416680	5.78e-2	2.42e-1	false
GENE_00223	221.298074	195.663598	-0.176766	4.00e-1	7.87e-1	false
GENE_00224	17.411485	17.179455	-0.018297	9.41e-1	9.76e-1	false
GENE_00225	1183.349986	1481.093862	0.323541	4.41e-1	8.00e-1	false
GENE_00226	23.390093	26.520479	0.174210	5.41e-1	8.46e-1	false
GENE_00227	13.582410	12.287693	-0.134138	5.34e-1	8.41e-1	false
GENE_00228	24.804395	24.212982	-0.033450	9.14e-1	9.69e-1	false
GENE_00229	168.263674	209.174321	0.312314	2.34e-1	6.17e-1	false
GENE_00230	96.288398	123.335382	0.353897	9.69e-2	3.64e-1	false
GENE_00231	111.673023	127.811698	0.193121	6.04e-1	8.90e-1	false
GENE_00232	44.632688	37.524219	-0.244302	2.90e-1	6.77e-1	false
GENE_00233	464.096486	461.401984	-0.008382	9.73e-1	9.90e-1	false
GENE_00235	61.706571	56.257092	-0.131162	3.85e-1	7.77e-1	false
GENE_00236	39.715601	36.824760	-0.106251	4.73e-1	8.14e-1	false
GENE_00237	48.717850	39.658207	-0.290217	1.49e-1	4.82e-1	false
GENE_00238	71.860546	77.917331	0.115204	7.31e-1	9.27e-1	false
GENE_00239	94.677689	122.418738	0.367307	2.13e-1	5.88e-1	false
GENE_00241	477.936688	572.536393	0.260050	4.42e-1	8.00e-1	false
GENE_00242	271.680767	224.560611	-0.273698	3.34e-1	7.27e-1	false
GENE_00243	34.288760	52.379505	0.597077	7.28e-2	2.94e-1	false
GENE_00244	76.891059	64.468742	-0.250651	3.55e-1	7.54e-1	false
GENE_00246	12.412001	14.427261	0.201957	4.42e-1	8.00e-1	false
GENE_00247	939.148740	1025.573952	0.126877	6.29e-1	9.01e-1	false
GENE_00248	179.429244	135.592133	-0.401559	1.71e-1	5.15e-1	false
GENE_00250	25.265129	30.216799	0.249174	3.14e-1	7.06e-1	false
GENE_00251	9.809879	10.485662	0.087484	7.84e-1	9.45e-1	false
GENE_00253	28.697655	28.804100	0.005162	9.87e-1	9.96e-1	false
GENE_00254	125.649998	107.158602	-0.227699	2.02e-1	5.78e-1	false
GENE_00255	52.097026	49.699218	-0.066668	8.45e-1	9.54e-1	false
GENE_00257	114.424579	108.570482	-0.075091	7.66e-1	9.34e-1	false
GENE_00258	23.426758	23.482771	0.003304	9.88e-1	9.96e-1	false
GENE_00259	438.664984	517.442943	0.237781	3.54e-1	7.54e-1	false
GENE_00261	83.995032	79.357398	-0.080948	6.34e-1	9.01e-1	false
GENE_00262	456.214776	398.887486	-0.193278	4.90e-1	8.21e-1	false
GENE_00263	55.264184	75.389380	0.441155	9.81e-2	3.65e-1	false
GENE_00264	130.120378	212.819679	0.705503	6.26e-2	2.56e-1	false
GENE_00265	182.841225	165.632948	-0.141787	6.21e-1	8.97e-1	false
GENE_00267	53.284731	53.094036	-0.005077	9.79e-1	9.92e-1	false
GENE_00268	53.961742	54.543534	0.015191	9.57e-1	9.86e-1	false
GENE_00269	73.605724	93.398360	0.339475	1.77e-1	5.30e-1	false
GENE_00270	34.908995	36.627591	0.067446	7.90e-1	9.45e-1	false
GENE_00271	147.897173	172.110813	0.217379	2.25e-1	6.10e-1	false
GENE_00272	93.195484	75.732064	-0.295828	4.52e-1	8.03e-1	false
GENE_00274	39.421109	44.070428	0.157072	5.19e-1	8.29e-1	false
GENE_00275	131.013156	115.629526	-0.178749	4.69e-1	8.14e-1	false
GENE_00276	154.404051	92.463582	-0.733548	9.85e-2	3.65e-1	false
GENE_00277	84.734554	73.955945	-0.193834	6.32e-1	9.01e-1	false
GENE_00278	125.708393	90.422447	-0.470892	6.86e-2	2.80e-1	false
GENE_00279	11.850189	13.522157	0.176466	4.95e-1	8.25e-1	false
GENE_00280	472.497531	389.998839	-0.276193	1.96e-1	5.65e-1	false
GENE_00281	60.380319	58.316991	-0.049331	8.39e-1	9.54e-1	false
GENE_00283	11.049873	10.601288	-0.054733	8.44e-1	9.54e-1	false
GENE_00284	196.271597	141.260555	-0.471648	2.29e-1	6.15e-1	false
GENE_00285	559.582545	803.000403	0.520269	2.05e-1	5.81e-1	false
GENE_00286	73.078919	54.930087	-0.405438	1.75e-1	5.24e-1	false
GENE_00289	14.613838	11.778767	-0.289077	3.30e-1	7.24e-1	false
GENE_00290	10.893501	10.774506	-0.014507	9.15e-1	9.69e-1	false
GENE_00291	582.446226	723.224022	0.311836	1.17e-1	4.17e-1	false
GENE_00292	101.871852	122.719970	0.266230	2.87e-1	6.77e-1	false
GENE_00293	17.743199	12.604863	-0.462245	2.43e-1	6.27e-1	false
GENE_00294	12.504682	13.453986	0.098008	6.89e-1	9.25e-1	false
GENE_00295	20.426945	25.140144	0.286841	3.65e-1	7.59e-1	false
GENE_00296	61.046158	62.613324	0.035987	8.49e-1	9.56e-1	false
GENE_00297	156.002144	170.389850	0.126497	6.23e-1	8.99e-1	false
GENE_00299	332.689914	314.027092	-0.083032	8.39e-1	9.54e-1	false
GENE_00300	120.513082	120.949303	0.005170	9.88e-1	9.96e-1	false
GENE_00301	34.539835	38.845343	0.164974	4.88e-1	8.20e-1	false
GENE_00303	22.836191	25.875685	0.173148	4.64e-1	8.13e-1	false
GENE_00304	261.973160	318.547389	0.281114	2.03e-1	5.78e-1	false
GENE_00306	48.867093	57.633823	0.233645	4.36e-1	7.99e-1	false
GENE_00309	83.927985	89.065883	0.084741	6.49e-1	9.08e-1	false
GENE_00310	36.411753	37.030836	0.023678	8.99e-1	9.64e-1	false
GENE_00311	53.819710	43.773781	-0.292041	2.86e-1	6.77e-1	false
GENE_00312	1187.213923	1280.087399	0.108574	7.01e-1	9.27e-1	false
GENE_00313	45.095308	33.175295	-0.431666	2.52e-2	1.22e-1	false
GENE_00314	23.959161	23.315622	-0.037686	8.70e-1	9.59e-1	false
GENE_00315	359.503091	365.812064	0.025029	9.37e-1	9.75e-1	false
GENE_00316	175.875180	172.969042	-0.023901	9.35e-1	9.75e-1	false
GENE_00317	10.012837	8.065770	-0.280685	1.69e-1	5.15e-1	false
GENE_00318	38.291270	38.009979	-0.010366	9.28e-1	9.72e-1	false
GENE_00319	22.450815	26.076949	0.207427	4.21e-1	7.99e-1	false
GENE_00320	225.597543	220.876661	-0.030374	9.29e-1	9.72e-1	false
GENE_00321	44.003028	41.667534	-0.076883	7.10e-1	9.27e-1	false
GENE_00322	223.262340	148.350855	-0.586482	1.70e-1	5.15e-1	false
GENE_00323	311.732627	353.354771	0.180265	2.69e-1	6.64e-1	false
GENE_00324	23.653643	23.203082	-0.026610	9.22e-1	9.70e-1	false
GENE_00325	117.783275	120.808017	0.036277	8.89e-1	9.62e-1	false
GENE_00326	405.402897	431.958875	0.091319	6.90e-1	9.25e-1	false
GENE_00327	40.567799	42.753662	0.073937	7.12e-1	9.27e-1	false
GENE_00328	15.731149	16.241644	0.043361	8.87e-1	9.62e-1	false
GENE_00329	107.388092	114.705684	0.094253	7.91e-1	9.45e-1	false
GENE_00330	41.769153	45.556965	0.122426	7.38e-1	9.27e-1	false
GENE_00331	74.740130	67.687266	-0.141015	5.46e-1	8.46e-1	false
GENE_00332	26.892482	24.206225	-0.146096	7.22e-1	9.27e-1	false
GENE_00333	19.470606	24.803321	0.334003	1.48e-1	4.82e-1	false
GENE_00335	43.816498	46.700458	0.089973	7.92e-1	9.45e-1	false
GENE_00336	10.688216	12.972768	0.257563	4.30e-1	7.99e-1	false
GENE_00337	399.103319	322.650918	-0.305934	3.67e-1	7.59e-1	false
GENE_00338	225.423900	222.140054	-0.021077	9.43e-1	9.76e-1	false
GENE_00339	163.325583	186.698758	0.191862	4.75e-1	8.14e-1	false
GENE_00340	91.714286	80.530011	-0.185460	4.80e-1	8.14e-1	false
GENE_00341	132.991627	104.670053	-0.342576	2.09e-1	5.86e-1	false
GENE_00342	14.654123	17.835748	0.266931	3.33e-1	7.27e-1	false
GENE_00343	45.181706	38.479637	-0.226213	2.92e-1	6.82e-1	false
GENE_00344	28.006734	25.701923	-0.119444	6.36e-1	9.01e-1	false
GENE_00345	81.308978	77.952596	-0.060063	7.28e-1	9.27e-1	false
GENE_00346	305.520123	270.361838	-0.175764	6.33e-1	9.01e-1	false
GENE_00347	569.633361	493.129364	-0.207675	4.24e-1	7.99e-1	false
GENE_00348	53.225271	40.865012	-0.373220	9.64e-3	5.98e-2	false
GENE_00349	149.859493	181.386757	0.273795	2.11e-1	5.88e-1	false
GENE_00351	227.439908	303.453692	0.414408	3.01e-1	6.89e-1	false
GENE_00352	63.250440	54.885873	-0.201223	3.87e-1	7.78e-1	false
GENE_00354	232.289713	177.874845	-0.383172	1.22e-1	4.34e-1	false
GENE_00355	473.111741	495.920022	0.067787	6.34e-1	9.01e-1	false
GENE_00356	44.777364	46.515974	0.053778	7.67e-1	9.35e-1	false
GENE_00357	12.125338	13.921952	0.185082	4.50e-1	8.03e-1	false
GENE_00358	176.515717	153.981833	-0.195848	4.24e-1	7.99e-1	false
GENE_00359	28.347265	27.760592	-0.029133	8.41e-1	9.54e-1	false
GENE_00360	396.435538	427.670931	0.109150	7.92e-1	9.45e-1	false
GENE_00361	419.353132	563.339967	0.424963	1.60e-1	5.02e-1	false
GENE_00363	196.453050	209.533208	0.092538	7.49e-1	9.29e-1	false
GENE_00364	508.366059	443.142502	-0.197680	3.33e-1	7.27e-1	false
GENE_00366	18.963480	19.977664	0.071491	7.08e-1	9.27e-1	false
GENE_00367	53.764683	63.522502	0.236557	4.80e-1	8.14e-1	false
GENE_00368	409.515286	443.497724	0.114740	7.13e-1	9.27e-1	false
GENE_00369	431.758685	398.676047	-0.114732	6.77e-1	9.25e-1	false
GENE_00370	188.409672	208.568601	0.145913	3.95e-1	7.85e-1	false
GENE_00371	10.821268	12.542158	0.196073	3.99e-1	7.87e-1	false
GENE_00373	1355.197727	1312.354194	-0.046311	8.67e-1	9.59e-1	false
GENE_00374	82.968585	77.658353	-0.094250	7.35e-1	9.27e-1	false
GENE_00375	16.650678	18.300876	0.128943	7.43e-1	9.28e-1	false
GENE_00376	74.503671	67.431532	-0.141886	5.71e-1	8.64e-1	false
GENE_00377	28.884593	34.100014	0.232070	4.33e-1	7.99e-1	false
GENE_00378	538.912726	535.244982	-0.009834	9.69e-1	9.89e-1	false
GENE_00379	208.065516	221.332415	0.088763	7.00e-1	9.27e-1	false
GENE_00380	21.320804	19.340814	-0.134012	5.04e-1	8.26e-1	false
GENE_00381	328.966042	300.224723	-0.131477	6.05e-1	8.90e-1	false
GENE_00382	879.158122	848.414951	-0.051293	8.41e-1	9.54e-1	false
GENE_00383	11.736738	13.027670	0.139280	6.92e-1	9.25e-1	false
GENE_00384	50.151753	49.114314	-0.029561	9.21e-1	9.69e-1	false
GENE_00385	352.963515	341.590646	-0.047115	8.23e-1	9.54e-1	false
GENE_00386	310.952222	327.297928	0.073681	8.21e-1	9.54e-1	false
GENE_00388	8.327341	10.092444	0.250039	1.79e-1	5.32e-1	false
GENE_00389	10.369592	14.748421	0.470027	1.46e-1	4.82e-1	false
GENE_00390	14.715873	17.184585	0.210494	4.90e-1	8.21e-1	false
GENE_00391	27.628309	20.856191	-0.389400	3.87e-1	7.78e-1	false
GENE_00392	72.378649	80.879045	0.158134	6.55e-1	9.13e-1	false
GENE_00393	66.869646	86.944935	0.373834	1.84e-1	5.42e-1	false
GENE_00395	90.240867	60.332953	-0.573018	5.61e-2	2.36e-1	false
GENE_00396	68.651088	49.702435	-0.458091	1.27e-1	4.43e-1	false
GENE_00398	55.495960	47.754521	-0.212612	3.44e-1	7.40e-1	false
GENE_00399	271.144794	324.797433	0.259601	3.82e-1	7.72e-1	false
GENE_00400	28.734039	31.053259	0.108356	5.39e-1	8.45e-1	false
GENE_00401	524.834407	662.577882	0.335657	1.13e-1	4.07e-1	false
GENE_00402	40.425052	42.579428	0.073144	7.91e-1	9.45e-1	false
GENE_00403	2832.035392	3187.662862	0.170603	4.68e-1	8.14e-1	false
GENE_00404	15.014029	11.968207	-0.304357	2.17e-1	5.94e-1	false
GENE_00405	123.801264	148.090447	0.256555	3.30e-1	7.24e-1	false
GENE_00406	17.734121	22.070261	0.300366	3.61e-1	7.59e-1	false
GENE_00407	31.408259	25.639932	-0.282771	1.39e-1	4.64e-1	false
GENE_00409	1738.829906	1894.554162	0.123673	6.58e-1	9.13e-1	false
GENE_00410	172.264372	134.210614	-0.357767	1.79e-1	5.32e-1	false
GENE_00411	132.664803	241.511243	0.859432	5.19e-2	2.21e-1	false
GENE_00412	62.324198	78.043914	0.319897	1.32e-1	4.51e-1	false
GENE_00413	62.764897	44.723344	-0.479832	7.93e-2	3.18e-1	false
GENE_00414	10.898920	11.819951	0.107560	6.86e-1	9.25e-1	false
GENE_00415	11.397410	12.218047	0.092470	7.61e-1	9.34e-1	false
GENE_00416	457.282659	383.281800	-0.254073	3.80e-1	7.71e-1	false
GENE_00417	29.663039	31.351423	0.077328	7.26e-1	9.27e-1	false
GENE_00418	27.682989	28.794133	0.054833	8.33e-1	9.54e-1	false
GENE_00419	111.962677	113.006648	0.013272	9.62e-1	9.87e-1	false
GENE_00420	167.772389	140.045383	-0.258919	4.12e-1	7.93e-1	false
GENE_00422	3944.904879	3297.773439	-0.258426	2.84e-1	6.77e-1	false
GENE_00423	20.871331	21.108923	0.015588	9.65e-1	9.87e-1	false
GENE_00424	765.334739	678.789590	-0.172886	5.84e-1	8.74e-1	false
GENE_00425	12.391012	9.975710	-0.286951	4.13e-1	7.93e-1	false
GENE_00426	28.103422	30.864350	0.130754	6.12e-1	8.92e-1	false
GENE_00428	494.187097	441.727524	-0.161555	4.50e-1	8.03e-1	false
GENE_00431	443.483449	423.835977	-0.065224	7.63e-1	9.34e-1	false
GENE_00432	33.935572	31.509339	-0.103843	6.85e-1	9.25e-1	false
GENE_00433	304.369123	237.253702	-0.358056	2.12e-1	5.88e-1	false
GENE_00434	12.468603	11.811615	-0.072148	6.74e-1	9.25e-1	false
GENE_00435	50.521885	55.397664	0.130450	6.49e-1	9.08e-1	false
GENE_00436	130.689140	146.035127	0.159024	5.46e-1	8.46e-1	false
GENE_00437	509.078598	769.721023	0.595489	5.07e-2	2.18e-1	false
GENE_00439	169.340042	173.596927	0.035611	8.61e-1	9.59e-1	false
GENE_00440	1762.984208	2202.801025	0.321156	3.26e-1	7.24e-1	false
GENE_00441	247.045542	317.573216	0.361020	3.35e-1	7.27e-1	false
GENE_00442	261.314603	378.355338	0.532252	1.09e-1	3.99e-1	false
GENE_00443	23.146333	25.041930	0.109032	5.31e-1	8.37e-1	false
GENE_00444	35.660537	37.408149	0.067185	8.02e-1	9.45e-1	false
GENE_00445	22.881713	17.216862	-0.390632	2.11e-1	5.88e-1	false
GENE_00446	258.505992	207.801743	-0.313634	4.03e-1	7.87e-1	false
GENE_00447	116.879914	119.792386	0.035212	8.80e-1	9.61e-1	false
GENE_00448	41.542082	37.124540	-0.158171	2.54e-1	6.50e-1	false
GENE_00449	33.552711	40.311687	0.257751	5.08e-1	8.26e-1	false
GENE_00450	89.004976	88.298840	-0.011363	9.56e-1	9.86e-1	false
GENE_00451	60.597005	59.241751	-0.032097	9.05e-1	9.67e-1	false
GENE_00452	76.957310	79.691380	0.049730	8.12e-1	9.53e-1	false
GENE_00453	435.002426	371.236540	-0.228116	3.67e-1	7.59e-1	false
GENE_00454	273.185044	290.672176	0.089198	7.44e-1	9.28e-1	false
GENE_00456	42.942437	36.040754	-0.246501	2.62e-1	6.57e-1	false
GENE_00457	66.742328	71.536732	0.098654	5.92e-1	8.80e-1	false
GENE_00458	347.183625	290.843805	-0.254652	2.96e-1	6.82e-1	false
GENE_00459	296.593342	261.395553	-0.181599	5.44e-1	8.46e-1	false
GENE_00460	42.178891	46.681009	0.143089	4.15e-1	7.94e-1	false
GENE_00461	38.487069	38.173297	-0.011510	9.63e-1	9.87e-1	false
GENE_00462	22.448949	26.185893	0.213335	5.92e-1	8.80e-1	false
GENE_00463	17.692540	20.409620	0.195797	2.95e-1	6.82e-1	false
GENE_00464	156.093587	167.151012	0.098133	7.03e-1	9.27e-1	false
GENE_00465	28.733850	28.919959	0.009002	9.61e-1	9.87e-1	false
GENE_00466	127.935297	117.048971	-0.127262	7.09e-1	9.27e-1	false
GENE_00467	74.162923	78.169085	0.074916	7.61e-1	9.34e-1	false
GENE_00468	80.448432	82.052255	0.028132	9.15e-1	9.69e-1	false
GENE_00469	2599.555742	2388.300881	-0.122231	7.24e-1	9.27e-1	false
GENE_00470	325.068293	272.914994	-0.251446	2.88e-1	6.77e-1	false
GENE_00471	40.301585	53.704535	0.405463	2.30e-1	6.15e-1	false
GENE_00472	88.471136	124.386990	0.486893	1.39e-1	4.64e-1	false
GENE_00473	123.190301	108.825197	-0.177343	5.01e-1	8.26e-1	false
GENE_00474	11.210722	17.607894	0.607766	8.51e-2	3.33e-1	false
GENE_00475	635.341677	613.307435	-0.050841	8.63e-1	9.59e-1	false
GENE_00476	51.794948	46.073092	-0.165497	3.58e-1	7.56e-1	false
GENE_00477	151.741912	214.688914	0.497856	2.50e-2	1.22e-1	false
GENE_00478	17.240731	15.765996	-0.121625	6.90e-1	9.25e-1	false
GENE_00479	245.773539	284.921072	0.212429	4.94e-1	8.25e-1	false
GENE_00480	64.073415	66.474223	0.052268	8.69e-1	9.59e-1	false
GENE_00481	2538.597656	2259.319282	-0.168073	5.64e-1	8.61e-1	false
GENE_00482	366.080582	462.019426	0.334976	2.94e-1	6.82e-1	false
GENE_00483	151.059128	157.748994	0.062115	8.15e-1	9.53e-1	false
GENE_00484	21.997998	21.393040	-0.038458	8.79e-1	9.61e-1	false
GENE_00485	344.533571	321.827599	-0.098062	7.55e-1	9.31e-1	false
GENE_00486	143.464474	175.123552	0.285873	5.08e-1	8.26e-1	false
GENE_00487	37.656684	34.041372	-0.141659	6.59e-1	9.13e-1	false
GENE_00488	14.147055	13.655726	-0.047573	8.70e-1	9.59e-1	false
GENE_00489	11.155080	9.505026	-0.210480	4.26e-1	7.99e-1	false
GENE_00490	48.583231	53.272376	0.130366	6.35e-1	9.01e-1	false
GENE_00491	57.458043	55.929477	-0.038226	8.91e-1	9.62e-1	false
GENE_00492	75.643474	80.030031	0.080294	6.41e-1	9.04e-1	false
GENE_00493	831.907315	828.371181	-0.006138	9.74e-1	9.90e-1	false
GENE_00494	96.262143	58.432786	-0.710619	1.08e-1	3.96e-1	false
GENE_00495	22.274325	20.161760	-0.137280	5.51e-1	8.46e-1	false
GENE_00496	92.040730	97.373438	0.080406	8.02e-1	9.45e-1	false
GENE_00497	39.876507	30.309294	-0.384681	1.38e-1	4.64e-1	false
GENE_00498	25.980713	29.450629	0.174544	4.34e-1	7.99e-1	false
GENE_00499	16.316990	19.740927	0.260292	2.80e-2	1.32e-1	false
GENE_00500	19.429073	21.797340	0.158242	5.27e-1	8.34e-1	false
GENE_00501	46.334276	44.969643	-0.042204	8.36e-1	9.54e-1	false
GENE_00502	66.531749	81.298103	0.285293	4.67e-1	8.14e-1	false
GENE_00504	127.547254	136.233657	0.094336	6.93e-1	9.25e-1	false
GENE_00505	9.276744	10.286385	0.135200	4.48e-1	8.03e-1	false
GENE_00506	1952.437545	1490.539881	-0.389213	8.32e-2	3.29e-1	false
GENE_00507	103.841503	137.160393	0.398134	1.03e-1	3.82e-1	false
GENE_00508	57.415951	53.696496	-0.094914	6.92e-1	9.25e-1	false
GENE_00509	65.456958	52.876769	-0.302757	1.85e-1	5.43e-1	false
GENE_00510	59.729934	84.009169	0.485211	1.84e-1	5.42e-1	false
GENE_00511	60.606777	53.469985	-0.177628	2.86e-1	6.77e-1	false
GENE_00512	8.707611	10.655177	0.263783	3.63e-1	7.59e-1	false
GENE_00513	635.420159	594.498226	-0.095882	7.86e-1	9.45e-1	false
GENE_00514	1103.847851	1063.524529	-0.053639	8.10e-1	9.53e-1	false
GENE_00515	231.650131	221.328583	-0.065469	7.19e-1	9.27e-1	false
GENE_00516	62.486021	68.882768	0.138498	5.28e-1	8.34e-1	false
GENE_00517	48.312852	64.087390	0.400414	5.09e-2	2.18e-1	false
GENE_00518	365.449480	358.917182	-0.025949	8.96e-1	9.63e-1	false
GENE_00519	11.171008	12.048850	0.100474	6.37e-1	9.01e-1	false
GENE_00520	89.230873	101.183489	0.179469	6.16e-1	8.96e-1	false
GENE_00521	81.131263	82.373257	0.021653	9.43e-1	9.76e-1	false
GENE_00522	20.523140	20.807213	0.018917	9.24e-1	9.70e-1	false
GENE_00523	99.546358	112.154640	0.170435	7.37e-1	9.27e-1	false
GENE_00524	17.456801	18.760827	0.098491	7.41e-1	9.27e-1	false
GENE_00525	15.494694	15.289642	-0.018047	9.38e-1	9.76e-1	false
GENE_00526	12.669666	11.271424	-0.155675	5.89e-1	8.80e-1	false
GENE_00527	21.655884	34.195502	0.635505	1.46e-2	8.08e-2	false
GENE_00528	42.746522	48.923033	0.190537	2.97e-1	6.83e-1	false
GENE_00530	45.954704	48.688212	0.081634	7.53e-1	9.30e-1	false
GENE_00531	53.229227	39.012932	-0.438604	4.58e-2	2.03e-1	false
GENE_00532	29.806341	36.476796	0.282770	1.07e-1	3.95e-1	false
GENE_00533	13.043966	10.509639	-0.287108	3.56e-1	7.54e-1	false
GENE_00534	60.549493	80.109696	0.398127	2.63e-1	6.57e-1	false
GENE_00535	46.213062	53.509640	0.207325	5.24e-1	8.33e-1	false
GENE_00536	29.553479	30.770831	0.056366	8.14e-1	9.53e-1	false
GENE_00537	44.624182	45.912140	0.040163	8.65e-1	9.59e-1	false
GENE_00538	447.835278	335.659724	-0.414895	1.32e-1	4.51e-1	false
GENE_00539	177.797327	207.277829	0.220184	4.71e-1	8.14e-1	false
GENE_00540	41.076570	42.299041	0.041318	8.91e-1	9.62e-1	false
GENE_00541	24.174491	28.086109	0.208368	3.71e-1	7.61e-1	false
GENE_00542	149.737691	160.716924	0.101430	6.97e-1	9.27e-1	false
GENE_00544	250.919344	203.773250	-0.298935	4.08e-1	7.93e-1	false
GENE_00545	82.878735	112.272914	0.433426	1.75e-2	9.10e-2	false
GENE_00546	70.746088	80.311567	0.180560	5.09e-1	8.26e-1	false
GENE_00547	76.261386	76.240337	-0.000393	9.99e-1	1.00e0	false
GENE_00548	17.585425	20.343395	0.199618	4.02e-1	7.87e-1	false
GENE_00549	77.369060	87.286177	0.171903	3.11e-1	7.00e-1	false
GENE_00551	11.659755	9.945920	-0.209856	3.92e-1	7.83e-1	false
GENE_00552	87.640781	77.906774	-0.167821	5.15e-1	8.29e-1	false
GENE_00553	193.394522	204.564501	0.080604	6.76e-1	9.25e-1	false
GENE_00554	222.605675	233.056685	0.065901	7.80e-1	9.45e-1	false
GENE_00555	33.518284	43.914718	0.379828	2.38e-1	6.22e-1	false
GENE_00556	8.328119	10.821404	0.341743	1.34e-1	4.53e-1	false
GENE_00557	83.803028	106.395699	0.340749	3.63e-1	7.59e-1	false
GENE_00558	98.940301	100.250076	0.018785	8.92e-1	9.62e-1	false
GENE_00559	223.848308	302.474777	0.432625	1.39e-1	4.64e-1	false
GENE_00560	59.225969	69.470842	0.226641	3.29e-1	7.24e-1	false
GENE_00561	10.448054	8.417531	-0.281682	3.76e-1	7.68e-1	false
GENE_00562	11.622208	14.394575	0.286458	1.30e-1	4.49e-1	false
GENE_00563	560.243909	704.724340	0.330477	2.44e-1	6.29e-1	false
GENE_00564	349.809825	392.444424	0.165471	5.67e-1	8.63e-1	false
GENE_00566	48.488628	52.968844	0.125030	5.54e-1	8.49e-1	false
GENE_00567	93.859095	127.169261	0.434192	1.32e-1	4.51e-1	false
GENE_00568	105.533198	142.004276	0.424755	2.35e-1	6.17e-1	false
GENE_00569	11.829779	13.154061	0.141720	6.79e-1	9.25e-1	false
GENE_00570	20.655728	21.177454	0.034345	9.13e-1	9.69e-1	false
GENE_00571	32.415045	27.853216	-0.211766	3.78e-1	7.69e-1	false
GENE_00572	161.614763	151.930717	-0.088580	7.03e-1	9.27e-1	false
GENE_00573	107.561675	119.532068	0.150902	5.43e-1	8.46e-1	false
GENE_00574	148.272630	119.543159	-0.308400	1.70e-1	5.15e-1	false
GENE_00575	16.806497	19.579473	0.208802	9.12e-2	3.51e-1	false
GENE_00576	17.944534	27.103538	0.568970	1.63e-2	8.75e-2	false
GENE_00577	20.191216	28.906033	0.496970	2.47e-2	1.22e-1	false
GENE_00578	130.837364	119.685999	-0.127501	6.17e-1	8.96e-1	false
GENE_00579	31.790373	26.534261	-0.252044	3.68e-2	1.70e-1	false
GENE_00580	144.043664	114.136900	-0.333137	2.00e-1	5.76e-1	false
GENE_00581	77.747598	75.278129	-0.045966	8.92e-1	9.62e-1	false
GENE_00582	26.210597	31.421625	0.252788	2.70e-1	6.64e-1	false
GENE_00583	18.209780	17.605784	-0.046090	8.67e-1	9.59e-1	false
GENE_00584	44.824313	41.095999	-0.122430	7.12e-1	9.27e-1	false
GENE_00585	12.630264	14.511781	0.186551	4.52e-1	8.03e-1	false
GENE_00586	197.795808	250.444256	0.338951	2.26e-1	6.11e-1	false
GENE_00587	55.444796	53.123626	-0.060582	7.40e-1	9.27e-1	false
GENE_00588	59.201412	49.367292	-0.257310	2.21e-1	6.03e-1	false
GENE_00589	570.722559	652.912897	0.193783	3.42e-1	7.38e-1	false
GENE_00590	2619.140067	2848.677040	0.121154	6.90e-1	9.25e-1	false
GENE_00591	112.090175	93.166385	-0.264190	3.64e-1	7.59e-1	false
GENE_00592	51.027094	71.032232	0.469379	1.12e-1	4.04e-1	false
GENE_00593	46.120472	56.552352	0.288521	4.85e-1	8.17e-1	false
GENE_00594	22.959266	24.507446	0.090335	7.82e-1	9.45e-1	false
GENE_00596	535.809654	549.748529	0.036983	9.04e-1	9.67e-1	false
GENE_00597	15.458650	16.649135	0.100751	5.97e-1	8.86e-1	false
GENE_00598	203.206586	193.007250	-0.073919	7.40e-1	9.27e-1	false
GENE_00599	72.341191	86.779933	0.259267	2.94e-1	6.82e-1	false
GENE_00600	51.599951	76.750283	0.563786	9.38e-2	3.60e-1	false
GENE_00601	42.098357	45.669215	0.114838	6.72e-1	9.24e-1	false
GENE_00602	19.488201	21.115672	0.110276	7.31e-1	9.27e-1	false
GENE_00604	341.695539	494.542335	0.532081	1.11e-1	4.01e-1	false
GENE_00605	37.318630	36.636523	-0.025913	9.25e-1	9.70e-1	false
GENE_00606	11.328909	12.915593	0.174657	5.38e-1	8.45e-1	false
GENE_00607	23.369688	34.027979	0.523420	7.11e-3	4.67e-2	true
GENE_00608	451.961311	393.610069	-0.198960	5.07e-1	8.26e-1	false
GENE_00609	35.775915	41.983220	0.225012	2.98e-1	6.85e-1	false
GENE_00610	52.778772	59.793594	0.176883	2.80e-1	6.76e-1	false
GENE_00611	32.518003	28.299640	-0.194053	3.02e-1	6.89e-1	false
GENE_00612	144.020633	138.585425	-0.055110	8.69e-1	9.59e-1	false
GENE_00613	44.835344	48.135901	0.100317	7.27e-1	9.27e-1	false
GENE_00614	14.941310	17.640776	0.225692	3.78e-1	7.69e-1	false
GENE_00616	51.286284	54.553643	0.087449	7.79e-1	9.45e-1	false
GENE_00617	8.584960	10.131559	0.215811	2.64e-1	6.57e-1	false
GENE_00618	244.051480	313.646212	0.360646	8.19e-2	3.26e-1	false
GENE_00619	110.887064	97.351959	-0.186018	4.79e-1	8.14e-1	false
GENE_00620	89.135812	67.220659	-0.401892	1.70e-1	5.15e-1	false
GENE_00621	300.065864	289.930664	-0.049404	7.65e-1	9.34e-1	false
GENE_00623	66.156472	100.558535	0.596713	9.48e-2	3.60e-1	false
GENE_00624	15.610473	17.574795	0.161253	5.66e-1	8.63e-1	false
GENE_00625	16.242783	20.431826	0.313762	3.01e-1	6.89e-1	false
GENE_00626	53.983736	55.685610	0.043978	8.84e-1	9.62e-1	false
GENE_00627	38.480035	53.402841	0.462559	4.46e-2	1.99e-1	false
GENE_00628	11.479156	10.549584	-0.111680	6.69e-1	9.22e-1	false
GENE_00629	18.190477	21.740358	0.244864	4.80e-1	8.14e-1	false
GENE_00630	76.855595	75.484484	-0.025634	9.11e-1	9.69e-1	false
GENE_00632	770.375743	1086.582530	0.495619	8.93e-2	3.47e-1	false
GENE_00633	129.916374	120.579218	-0.106749	6.43e-1	9.05e-1	false
GENE_00634	73.113115	95.268500	0.377335	1.68e-1	5.15e-1	false
GENE_00635	365.416525	322.497612	-0.179730	3.98e-1	7.87e-1	false
GENE_00636	230.348314	183.298644	-0.328021	2.03e-1	5.78e-1	false
GENE_00637	27.723239	45.635126	0.699199	1.28e-1	4.45e-1	false
GENE_00638	23.247124	21.890767	-0.083048	6.69e-1	9.22e-1	false
GENE_00639	223.076690	265.972712	0.252700	2.84e-1	6.77e-1	false
GENE_00640	88.628363	103.677485	0.223924	3.06e-1	6.95e-1	false
GENE_00641	527.919253	504.994760	-0.063925	8.20e-1	9.54e-1	false
GENE_00642	71.963188	61.417837	-0.225210	3.69e-1	7.60e-1	false
GENE_00644	37.267728	34.886136	-0.092702	5.45e-1	8.46e-1	false
GENE_00645	35.197392	35.335873	0.005509	9.78e-1	9.92e-1	false
GENE_00647	2531.715050	2610.689524	0.044299	9.10e-1	9.69e-1	false
GENE_00648	44.486941	39.213091	-0.177787	5.03e-1	8.26e-1	false
GENE_00649	83.546714	102.027916	0.285215	1.68e-1	5.15e-1	false
GENE_00650	65.232562	67.717324	0.053133	8.34e-1	9.54e-1	false
GENE_00651	10.292449	11.481050	0.144381	5.13e-1	8.27e-1	false
GENE_00652	16.608554	13.989414	-0.232332	2.25e-1	6.10e-1	false
GENE_00653	124.427482	141.754024	0.186678	2.79e-1	6.76e-1	false
GENE_00654	15.572807	16.423256	0.072196	8.86e-1	9.62e-1	false
GENE_00655	21.234036	32.718572	0.600774	1.74e-1	5.24e-1	false
GENE_00656	387.309378	474.915081	0.293498	4.44e-1	8.00e-1	false
GENE_00657	107.182721	112.233216	0.065827	7.96e-1	9.45e-1	false
GENE_00658	21.298132	14.820639	-0.495115	1.57e-1	4.96e-1	false
GENE_00659	54.313126	62.786534	0.205630	5.61e-1	8.57e-1	false
GENE_00660	11.355591	14.435734	0.321110	1.24e-1	4.37e-1	false
GENE_00661	281.334068	331.645995	0.236584	3.03e-1	6.89e-1	false
GENE_00662	138.343513	110.216469	-0.325275	3.56e-1	7.54e-1	false
GENE_00663	190.585486	234.713889	0.299048	3.49e-1	7.50e-1	false
GENE_00664	58.172889	66.529528	0.190582	3.36e-1	7.28e-1	false
GENE_00665	39.469176	64.151692	0.686979	3.40e-2	1.58e-1	false
GENE_00667	66.840352	61.723864	-0.113129	6.38e-1	9.01e-1	false
GENE_00668	104.248598	112.362276	0.107140	6.91e-1	9.25e-1	false
GENE_00669	22.742003	25.765327	0.172924	5.76e-1	8.68e-1	false
GENE_00670	35.982364	40.444878	0.164356	5.27e-1	8.34e-1	false
GENE_00671	42.422710	37.289810	-0.181489	5.73e-1	8.66e-1	false
GENE_00673	2254.892838	2239.876778	-0.009635	9.71e-1	9.89e-1	false
GENE_00674	862.375217	613.050816	-0.491630	9.52e-2	3.60e-1	false
GENE_00675	14.641599	14.250191	-0.036561	8.85e-1	9.62e-1	false
GENE_00676	16.870271	16.453638	-0.034034	9.19e-1	9.69e-1	false
GENE_00677	2469.540454	2490.190919	0.012009	9.63e-1	9.87e-1	false
GENE_00678	51.706428	56.438737	0.124045	5.78e-1	8.69e-1	false
GENE_00680	107.414130	88.681347	-0.273673	2.15e-1	5.90e-1	false
GENE_00681	110.628189	103.191274	-0.099467	7.18e-1	9.27e-1	false
GENE_00682	56.837500	65.616818	0.203881	4.77e-1	8.14e-1	false
GENE_00683	51.414243	48.665557	-0.077713	7.27e-1	9.27e-1	false
GENE_00684	51.459257	56.199187	0.124797	6.03e-1	8.90e-1	false
GENE_00685	11.188456	9.058185	-0.277145	2.41e-1	6.26e-1	false
GENE_00686	82.547966	58.328317	-0.493884	6.25e-2	2.56e-1	false
GENE_00687	61.925348	62.133035	0.004754	9.85e-1	9.96e-1	false
GENE_00688	75.244403	80.096926	0.089016	7.33e-1	9.27e-1	false
GENE_00689	340.058444	372.570329	0.131361	3.91e-1	7.83e-1	false
GENE_00690	55.767828	50.834191	-0.131170	6.27e-1	9.01e-1	false
GENE_00691	244.323697	212.836881	-0.198176	6.01e-1	8.90e-1	false
GENE_00692	58.916721	78.716059	0.411912	4.18e-2	1.89e-1	false
GENE_00693	40.871050	45.448486	0.149678	6.10e-1	8.92e-1	false
GENE_00694	149.309565	171.552771	0.199101	4.37e-1	7.99e-1	false
GENE_00695	324.607497	288.649352	-0.168826	5.06e-1	8.26e-1	false
GENE_00696	138.796464	119.852752	-0.210078	4.00e-1	7.87e-1	false
GENE_00698	143.086835	123.756890	-0.207819	4.27e-1	7.99e-1	false
GENE_00699	442.121211	337.361615	-0.389135	2.43e-1	6.27e-1	false
GENE_00701	33.848146	38.667533	0.186877	4.44e-1	8.00e-1	false
GENE_00702	19.106755	16.619413	-0.190514	5.50e-1	8.46e-1	false
GENE_00704	392.497437	500.515718	0.349941	2.13e-1	5.88e-1	false
GENE_00705	10.735129	8.704338	-0.274132	1.40e-1	4.64e-1	false
GENE_00706	123.914074	128.689573	0.054126	8.93e-1	9.62e-1	false
GENE_00707	172.417325	139.124368	-0.307540	9.60e-2	3.62e-1	false
GENE_00708	17.788509	19.377340	0.117115	5.50e-1	8.46e-1	false
GENE_00709	44.364580	43.042788	-0.042661	8.13e-1	9.53e-1	false
GENE_00710	10.537931	10.679532	0.017598	9.37e-1	9.75e-1	false
GENE_00711	65.415634	69.278480	0.081560	6.59e-1	9.13e-1	false
GENE_00712	130.668878	109.027190	-0.259054	2.31e-1	6.15e-1	false
GENE_00713	1078.802659	1054.272502	-0.033152	8.90e-1	9.62e-1	false
GENE_00714	547.868556	457.214906	-0.260436	2.80e-1	6.76e-1	false
GENE_00715	98.646500	133.661221	0.434443	4.80e-2	2.09e-1	false
GENE_00716	566.122359	421.339522	-0.425257	1.10e-1	4.01e-1	false
GENE_00717	150.569717	117.922210	-0.349963	4.28e-1	7.99e-1	false
GENE_00718	42.983551	45.091063	0.067523	8.56e-1	9.59e-1	false
GENE_00720	42.810654	47.007925	0.131991	6.33e-1	9.01e-1	false
GENE_00722	22.658818	22.406217	-0.015486	9.65e-1	9.87e-1	false
GENE_00723	71.014450	67.818032	-0.065500	7.97e-1	9.45e-1	false
GENE_00724	9.539641	11.280685	0.220565	3.73e-1	7.64e-1	false
GENE_00726	56.580950	69.478378	0.291589	3.27e-1	7.24e-1	false
GENE_00727	59.028212	70.059108	0.243379	2.31e-1	6.15e-1	false
GENE_00728	11.982066	7.485902	-0.613380	9.43e-2	3.60e-1	false
GENE_00729	359.060060	456.741270	0.346295	1.95e-1	5.65e-1	false
GENE_00730	214.301683	209.648598	-0.031521	9.18e-1	9.69e-1	false
GENE_00732	43.288133	41.948542	-0.044311	8.79e-1	9.61e-1	false
GENE_00734	317.941818	294.332998	-0.110951	7.28e-1	9.27e-1	false
GENE_00735	808.419034	855.738871	0.081969	8.34e-1	9.54e-1	false
GENE_00736	141.652252	111.630331	-0.340907	1.45e-1	4.81e-1	false
GENE_00737	186.960936	155.927681	-0.260333	2.56e-1	6.50e-1	false
GENE_00738	79.357419	82.488168	0.055141	8.79e-1	9.61e-1	false
GENE_00739	31.234797	22.996474	-0.425796	1.90e-1	5.55e-1	false
GENE_00740	28.474597	32.026660	0.164159	6.92e-1	9.25e-1	false
GENE_00741	24.205918	25.816504	0.089359	7.53e-1	9.30e-1	false
GENE_00742	29.537341	41.145227	0.464795	1.67e-1	5.15e-1	false
GENE_00743	84.367080	79.017853	-0.093358	7.95e-1	9.45e-1	false
GENE_00744	140.650727	205.518172	0.543931	1.54e-1	4.92e-1	false
GENE_00745	26.657203	31.935922	0.252007	4.59e-1	8.08e-1	false
GENE_00746	85.931418	71.919513	-0.253573	3.50e-1	7.50e-1	false
GENE_00747	25.825635	31.159339	0.261625	2.61e-1	6.57e-1	false
GENE_00748	57.704937	67.455306	0.221681	4.80e-1	8.14e-1	false
GENE_00749	924.642056	779.961884	-0.245202	5.60e-2	2.36e-1	false
GENE_00752	37.682405	52.617313	0.471021	9.80e-2	3.65e-1	false
GENE_00754	65.951988	77.120779	0.222579	2.69e-1	6.64e-1	false
GENE_00755	99.237046	109.532114	0.141050	6.19e-1	8.97e-1	false
GENE_00756	14.978869	15.373066	0.035159	8.45e-1	9.54e-1	false
GENE_00757	21.230075	24.247202	0.183611	5.17e-1	8.29e-1	false
GENE_00758	68.033764	56.593064	-0.261407	5.22e-1	8.32e-1	false
GENE_00759	167.389166	197.615910	0.238182	3.25e-1	7.24e-1	false
GENE_00760	15.391348	12.106759	-0.322623	1.67e-1	5.15e-1	false
GENE_00761	41.009970	47.378864	0.203645	2.90e-1	6.77e-1	false
GENE_00762	24.113287	28.891222	0.251271	1.96e-1	5.65e-1	false
GENE_00763	180.644626	148.676447	-0.279271	3.52e-1	7.51e-1	false
GENE_00764	326.983971	291.408863	-0.165638	5.55e-1	8.49e-1	false
GENE_00765	107.417146	150.156019	0.479445	1.52e-1	4.92e-1	false
GENE_00766	122.816003	129.643784	0.077441	7.07e-1	9.27e-1	false
GENE_00767	19.271843	16.815675	-0.186330	4.13e-1	7.93e-1	false
GENE_00770	47.896113	60.953760	0.341472	4.27e-1	7.99e-1	false
GENE_00771	2476.809490	2943.076523	0.248750	2.63e-1	6.57e-1	false
GENE_00772	22.626020	18.533633	-0.274416	2.05e-1	5.81e-1	false
GENE_00774	182.433175	182.433113	-0.000000	1.00e0	1.00e0	false
GENE_00775	18.402504	19.421109	0.073818	8.39e-1	9.54e-1	false
GENE_00777	45.888138	44.599806	-0.040195	8.95e-1	9.63e-1	false
GENE_00778	75.983216	94.359617	0.308835	4.37e-1	7.99e-1	false
GENE_00779	77.480913	99.213291	0.352660	5.55e-2	2.36e-1	false
GENE_00780	95.961618	93.874468	-0.031394	9.00e-1	9.64e-1	false
GENE_00781	14.140483	20.144631	0.481880	4.71e-2	2.06e-1	false
GENE_00782	156.876160	147.520454	-0.088132	7.25e-1	9.27e-1	false
GENE_00783	24.834328	20.955453	-0.234710	1.56e-1	4.96e-1	false
GENE_00784	32.370951	38.207239	0.232527	4.11e-1	7.93e-1	false
GENE_00785	1244.037912	1248.619431	0.005299	9.86e-1	9.96e-1	false
GENE_00786	16.682938	14.104353	-0.227394	6.05e-1	8.90e-1	false
GENE_00787	575.933004	563.656767	-0.031030	8.63e-1	9.59e-1	false
GENE_00788	96.214656	89.829222	-0.098017	6.57e-1	9.13e-1	false
GENE_00789	115.797337	109.800795	-0.076039	7.96e-1	9.45e-1	false
GENE_00790	49.420631	48.176378	-0.036049	8.64e-1	9.59e-1	false
GENE_00791	271.191419	275.027913	0.020193	9.33e-1	9.75e-1	false
GENE_00792	15.937181	14.589716	-0.119599	6.07e-1	8.90e-1	false
GENE_00793	49.927067	48.093877	-0.052890	8.63e-1	9.59e-1	false
GENE_00794	20.542801	26.366824	0.345222	1.47e-1	4.82e-1	false
GENE_00795	22.784686	17.164940	-0.388876	2.81e-1	6.76e-1	false
GENE_00796	39.136553	40.368674	0.043622	8.72e-1	9.60e-1	false
GENE_00798	200.680922	203.001036	0.016502	9.40e-1	9.76e-1	false
GENE_00799	483.495566	479.346218	-0.012409	9.65e-1	9.87e-1	false
GENE_00800	269.806246	296.950662	0.137812	5.06e-1	8.26e-1	false
GENE_00801	325.445603	438.273155	0.428276	2.80e-2	1.32e-1	false
GENE_00802	41.934952	46.001448	0.130553	4.61e-1	8.10e-1	false
GENE_00803	153.159516	132.546798	-0.207079	4.36e-1	7.99e-1	false
GENE_00804	34.228142	34.838249	0.024772	8.79e-1	9.61e-1	false
GENE_00805	64.041652	70.593221	0.138459	5.13e-1	8.27e-1	false
GENE_00806	16.219280	17.330545	0.090225	7.31e-1	9.27e-1	false
GENE_00807	677.373982	737.851406	0.123203	6.88e-1	9.25e-1	false
GENE_00808	375.010572	426.266242	0.184362	4.28e-1	7.99e-1	false
GENE_00809	55.185575	59.526906	0.107377	7.29e-1	9.27e-1	false
GENE_00810	1362.119605	1227.160458	-0.150413	5.22e-1	8.32e-1	false
GENE_00811	25.380314	26.227052	0.045579	8.25e-1	9.54e-1	false
GENE_00812	20.614513	19.655402	-0.065481	7.52e-1	9.30e-1	false
GENE_00813	27.716769	31.596888	0.182841	4.81e-1	8.14e-1	false
GENE_00814	13.690018	13.553885	-0.013432	9.43e-1	9.76e-1	false
GENE_00815	75.749298	63.943817	-0.240961	4.30e-1	7.99e-1	false
GENE_00816	147.800476	165.660116	0.163530	5.51e-1	8.46e-1	false
GENE_00817	351.597181	320.729745	-0.132172	5.80e-1	8.70e-1	false
GENE_00818	285.456606	214.693964	-0.409331	1.25e-1	4.37e-1	false
GENE_00821	72.487214	68.126175	-0.088261	6.48e-1	9.08e-1	false
GENE_00822	20.137965	22.567438	0.156958	5.70e-1	8.64e-1	false
GENE_00823	1628.145915	2328.802096	0.516092	1.54e-1	4.92e-1	false
GENE_00824	284.096504	264.511501	-0.102676	7.00e-1	9.27e-1	false
GENE_00825	88.068627	68.848677	-0.350685	3.24e-1	7.24e-1	false
GENE_00826	401.576912	316.596076	-0.342071	2.55e-1	6.50e-1	false
GENE_00827	21.950155	19.047856	-0.195056	3.51e-1	7.50e-1	false
GENE_00828	18.052168	21.624717	0.247945	5.13e-1	8.27e-1	false
GENE_00829	20.423642	28.615127	0.467130	1.58e-1	4.98e-1	false
GENE_00830	312.336419	510.526274	0.707096	1.10e-2	6.63e-2	false
GENE_00831	65.657334	68.266239	0.055389	8.33e-1	9.54e-1	false
GENE_00832	111.270376	120.623034	0.115439	7.21e-1	9.27e-1	false
GENE_00833	72.823579	70.040173	-0.055447	8.01e-1	9.45e-1	false
GENE_00834	53.487786	58.310971	0.122366	5.91e-1	8.80e-1	false
GENE_00835	248.958526	197.539475	-0.332263	4.71e-2	2.06e-1	false
GENE_00836	86.747009	93.476696	0.106609	6.49e-1	9.08e-1	false
GENE_00837	38.110957	52.047839	0.439721	1.30e-3	1.86e-2	true
GENE_00838	249.918937	300.853147	0.266625	4.03e-1	7.87e-1	false
GENE_00839	18.152142	16.986054	-0.090627	7.18e-1	9.27e-1	false
GENE_00840	306.255526	296.637725	-0.045882	8.55e-1	9.59e-1	false
GENE_00841	60.370774	57.152414	-0.077713	8.06e-1	9.49e-1	false
GENE_00842	65.429879	78.840756	0.265293	3.17e-1	7.10e-1	false
GENE_00843	140.675405	196.148883	0.476696	2.57e-1	6.50e-1	false
GENE_00844	102.070118	102.372758	0.004230	9.91e-1	9.96e-1	false
GENE_00845	359.236947	305.940401	-0.230988	3.95e-1	7.85e-1	false
GENE_00846	665.050684	539.433277	-0.301515	2.80e-1	6.76e-1	false
GENE_00847	61.886048	64.411663	0.056808	8.79e-1	9.61e-1	false
GENE_00848	16.538922	11.514010	-0.487016	1.02e-2	6.24e-2	false
GENE_00849	1039.520089	1082.463091	0.058345	7.70e-1	9.36e-1	false
GENE_00850	549.107868	623.628795	0.183285	6.20e-1	8.97e-1	false
GENE_00851	108.523008	112.216692	0.047853	8.77e-1	9.61e-1	false
GENE_00852	62.001017	82.606759	0.408244	2.39e-1	6.24e-1	false
GENE_00853	28.000971	32.165871	0.193598	4.41e-1	8.00e-1	false
GENE_00854	13.286287	12.647819	-0.065961	8.00e-1	9.45e-1	false
GENE_00855	106.715494	175.835596	0.715183	7.12e-3	4.67e-2	true
GENE_00857	254.552567	324.533271	0.349185	1.31e-1	4.51e-1	false
GENE_00858	726.171305	583.301786	-0.315582	1.65e-1	5.13e-1	false
GENE_00859	272.524172	225.924312	-0.269457	4.08e-1	7.93e-1	false
GENE_00860	81.133603	98.951348	0.283253	2.30e-1	6.15e-1	false
GENE_00861	38.171382	42.969688	0.166709	5.08e-1	8.26e-1	false
GENE_00862	886.021708	764.491514	-0.212583	4.81e-1	8.14e-1	false
GENE_00865	32.071657	30.587832	-0.066226	7.66e-1	9.34e-1	false
GENE_00866	62.151858	85.412719	0.452419	1.63e-1	5.10e-1	false
GENE_00867	139.763578	183.529913	0.390581	1.53e-1	4.92e-1	false
GENE_00868	47.621562	54.683653	0.195658	4.36e-1	7.99e-1	false
GENE_00869	16.640730	14.859582	-0.153556	4.98e-1	8.26e-1	false
GENE_00870	24.695813	21.870421	-0.168050	4.56e-1	8.07e-1	false
GENE_00871	287.587461	239.841627	-0.260924	2.55e-1	6.50e-1	false
GENE_00872	513.364218	494.353547	-0.054332	8.37e-1	9.54e-1	false
GENE_00873	116.748340	128.162793	0.133484	7.19e-1	9.27e-1	false
GENE_00874	392.119060	407.007676	0.053630	7.81e-1	9.45e-1	false
GENE_00875	48.066972	67.035428	0.471534	7.00e-2	2.84e-1	false
GENE_00876	75.379093	94.374888	0.320432	3.66e-1	7.59e-1	false
GENE_00878	21.179864	18.926197	-0.154584	4.98e-1	8.26e-1	false
GENE_00879	299.086208	278.511917	-0.102467	7.38e-1	9.27e-1	false
GENE_00880	244.948328	217.911725	-0.168006	6.11e-1	8.92e-1	false
GENE_00882	69.584793	80.684415	0.210703	4.71e-1	8.14e-1	false
GENE_00883	307.997766	346.782499	0.170589	5.44e-1	8.46e-1	false
GENE_00884	76.067406	72.714206	-0.064178	7.94e-1	9.45e-1	false
GENE_00885	13.998072	14.594659	0.056275	8.47e-1	9.55e-1	false
GENE_00886	25.460753	31.704579	0.305639	3.31e-1	7.24e-1	false
GENE_00888	253.323601	183.294750	-0.464650	6.00e-2	2.48e-1	false
GENE_00889	676.660122	666.153779	-0.022543	9.07e-1	9.68e-1	false
GENE_00890	40.190399	48.444131	0.263491	2.72e-1	6.68e-1	false
GENE_00891	28.197628	25.792382	-0.124028	6.57e-1	9.13e-1	false
GENE_00892	531.241174	548.506115	0.046055	9.00e-1	9.64e-1	false
GENE_00893	682.643151	1111.688777	0.702735	1.47e-1	4.82e-1	false
GENE_00894	61.937550	56.891227	-0.120576	4.76e-1	8.14e-1	false
GENE_00895	36.268702	26.127269	-0.458221	9.07e-2	3.51e-1	false
GENE_00896	73.273108	66.426654	-0.139521	6.12e-1	8.92e-1	false
GENE_00897	75.799375	68.291821	-0.148409	5.50e-1	8.46e-1	false
GENE_00898	103.767416	110.589765	0.091015	7.48e-1	9.29e-1	false
GENE_00899	25.012509	31.540881	0.323048	2.80e-1	6.76e-1	false
GENE_00900	3552.573716	3033.242308	-0.227934	3.27e-1	7.24e-1	false
GENE_00901	119.276699	122.427004	0.037301	8.20e-1	9.54e-1	false
GENE_00902	158.162057	167.922170	0.085862	7.47e-1	9.29e-1	false
GENE_00903	19.086224	16.502318	-0.198660	4.43e-1	8.00e-1	false
GENE_00904	50.133690	46.399307	-0.109408	6.68e-1	9.22e-1	false
GENE_00905	91.873274	103.444297	0.169398	4.92e-1	8.23e-1	false
GENE_00906	140.027660	153.407816	0.130768	2.88e-1	6.77e-1	false
GENE_00907	24.794023	28.434058	0.190450	5.69e-1	8.64e-1	false
GENE_00908	72.947106	46.201783	-0.647652	8.18e-3	5.21e-2	false
GENE_00909	251.561830	154.554695	-0.699215	2.31e-3	2.40e-2	true
GENE_00910	43.724350	51.213933	0.223374	4.05e-1	7.91e-1	false
GENE_00911	27.661497	28.559457	0.044506	8.40e-1	9.54e-1	false
GENE_00912	777.060522	665.008394	-0.224342	1.59e-1	4.99e-1	false
GENE_00913	41.335584	52.807652	0.345941	2.33e-1	6.17e-1	false
GENE_00914	326.617174	439.286804	0.426433	1.19e-1	4.24e-1	false
GENE_00915	10.885869	9.922310	-0.121969	6.83e-1	9.25e-1	false
GENE_00916	16.655368	14.122421	-0.223418	3.62e-1	7.59e-1	false
GENE_00917	137.613818	118.896218	-0.209285	4.49e-1	8.03e-1	false
GENE_00918	345.998216	382.143875	0.142958	6.35e-1	9.01e-1	false
GENE_00919	37.848840	39.771408	0.069686	7.32e-1	9.27e-1	false
GENE_00920	536.821240	548.163940	0.030110	9.21e-1	9.69e-1	false
GENE_00921	78.727659	96.905571	0.296311	2.35e-1	6.17e-1	false
GENE_00924	74.578044	94.333735	0.335020	2.06e-1	5.81e-1	false
GENE_00925	262.989286	222.973503	-0.237151	2.77e-1	6.76e-1	false
GENE_00926	286.948786	309.785534	0.110107	7.10e-1	9.27e-1	false
GENE_00927	145.048447	164.991670	0.184664	5.00e-1	8.26e-1	false
GENE_00928	21.622528	20.464493	-0.075808	7.42e-1	9.27e-1	false
GENE_00929	62.619730	67.624696	0.109254	6.84e-1	9.25e-1	false
GENE_00930	13.297585	11.564332	-0.186437	4.23e-1	7.99e-1	false
GENE_00931	21.246432	20.833987	-0.026998	8.55e-1	9.59e-1	false
GENE_00932	1515.033312	2310.239402	0.608365	8.23e-2	3.27e-1	false
GENE_00933	24.778641	26.198892	0.077372	8.41e-1	9.54e-1	false
GENE_00934	13.234397	13.210665	-0.002407	9.94e-1	9.97e-1	false
GENE_00935	92.594590	114.629911	0.305018	4.56e-1	8.07e-1	false
GENE_00936	805.992964	839.469935	0.058640	8.42e-1	9.54e-1	false
GENE_00937	26.677225	25.218657	-0.078105	7.99e-1	9.45e-1	false
GENE_00938	1253.824451	1435.031430	0.194602	4.50e-1	8.03e-1	false
GENE_00939	1057.171363	1228.191691	0.216137	2.82e-1	6.77e-1	false
GENE_00941	70.099365	76.075273	0.116431	4.81e-1	8.14e-1	false
GENE_00942	82.861330	92.078016	0.150435	4.14e-1	7.93e-1	false
GENE_00943	264.124310	256.698328	-0.040986	8.50e-1	9.56e-1	false
GENE_00944	48.743773	53.744942	0.138210	3.09e-1	6.98e-1	false
GENE_00945	66.256188	60.544049	-0.128048	6.06e-1	8.90e-1	false
GENE_00946	442.549067	444.431426	0.006110	9.74e-1	9.90e-1	false
GENE_00947	273.244631	297.937771	0.124382	4.82e-1	8.14e-1	false
GENE_00948	10.377497	8.858660	-0.206720	4.63e-1	8.11e-1	false
GENE_00949	19.642295	28.643279	0.522102	1.54e-1	4.92e-1	false
GENE_00950	71.539032	92.299595	0.363113	1.91e-1	5.55e-1	false
GENE_00951	61.713014	69.145621	0.161588	5.25e-1	8.34e-1	false
GENE_00952	16.304693	19.912640	0.273212	3.08e-1	6.97e-1	false
GENE_00953	39.325568	42.595451	0.112483	4.20e-1	7.99e-1	false
GENE_00954	69.753245	71.765624	0.040461	9.18e-1	9.69e-1	false
GENE_00955	17.250629	16.786955	-0.037127	8.29e-1	9.54e-1	false
GENE_00956	43.199834	53.887706	0.312442	8.46e-2	3.33e-1	false
GENE_00957	919.444122	917.195958	-0.003528	9.91e-1	9.96e-1	false
GENE_00958	121.591065	119.114312	-0.029446	9.11e-1	9.69e-1	false
GENE_00959	10.342337	9.815996	-0.068551	7.56e-1	9.31e-1	false
GENE_00960	78.074546	87.939262	0.169607	2.58e-1	6.51e-1	false
GENE_00961	38.516656	34.860169	-0.140079	4.98e-1	8.26e-1	false
GENE_00962	52.214893	50.112396	-0.058157	8.30e-1	9.54e-1	false
GENE_00963	199.016946	233.046629	0.226674	2.37e-1	6.22e-1	false
GENE_00964	154.333192	141.923787	-0.120120	7.17e-1	9.27e-1	false
GENE_00965	60.276483	40.631609	-0.557654	1.23e-1	4.34e-1	false
GENE_00966	22.474377	23.203234	0.044113	8.59e-1	9.59e-1	false
GENE_00967	69.127769	68.318970	-0.016736	9.53e-1	9.85e-1	false
GENE_00968	725.569744	600.661471	-0.272149	3.70e-1	7.60e-1	false
GENE_00969	12.482286	13.110677	0.065722	8.23e-1	9.54e-1	false
GENE_00970	104.230224	138.882611	0.410667	2.64e-1	6.57e-1	false
GENE_00972	93.432783	90.385205	-0.047327	8.19e-1	9.54e-1	false
GENE_00973	89.995186	84.413119	-0.091333	6.83e-1	9.25e-1	false
GENE_00974	136.759491	136.771370	0.000124	1.00e0	1.00e0	false
GENE_00975	513.070258	530.432440	0.047921	8.34e-1	9.54e-1	false
GENE_00976	20.052745	30.970567	0.602736	5.87e-2	2.45e-1	false
GENE_00977	408.858222	512.327160	0.324754	2.67e-1	6.63e-1	false
GENE_00978	21.542149	24.801200	0.194813	4.59e-1	8.08e-1	false
GENE_00980	176.808812	190.564673	0.107505	6.77e-1	9.25e-1	false
GENE_00981	108.309071	77.406324	-0.479371	3.93e-2	1.80e-1	false
GENE_00982	115.984544	125.318780	0.110751	6.58e-1	9.13e-1	false
GENE_00983	56.692840	39.762277	-0.501158	1.30e-1	4.50e-1	false
GENE_00985	14.651422	21.125250	0.499400	1.48e-1	4.82e-1	false
GENE_00986	22.468706	21.529731	-0.058908	8.19e-1	9.54e-1	false
GENE_00987	27.891284	27.770160	-0.006061	9.69e-1	9.89e-1	false
GENE_00988	343.254135	403.687550	0.233334	5.19e-1	8.29e-1	false
GENE_00989	58.990348	57.240260	-0.042714	7.87e-1	9.45e-1	false
GENE_00990	20.174386	20.230111	0.003792	9.89e-1	9.96e-1	false
GENE_00991	160.681594	102.687972	-0.640907	8.71e-2	3.40e-1	false
GENE_00992	91.856456	105.808606	0.201954	5.16e-1	8.29e-1	false
GENE_00994	81.386468	96.830123	0.247871	4.24e-1	7.99e-1	false
GENE_00995	770.608081	567.051401	-0.441847	2.11e-1	5.88e-1	false
GENE_00997	600.802462	637.376355	0.085117	7.91e-1	9.45e-1	false
GENE_00998	278.215231	259.252991	-0.101463	7.15e-1	9.27e-1	false
GENE_00999	263.610174	296.722908	0.170102	4.27e-1	7.99e-1	false
GENE_01000	156.047900	175.404147	0.167680	5.76e-1	8.68e-1	false
